metric_name,description,base_unit,statistic,measurement_value,is_alert,tag,tag_value
system.cpu.usage,"The ""recent cpu usage"" of the system the application is running in",,VALUE,0.699155730168018,False,,
system.cpu.usage,"The ""recent cpu usage"" of the system the application is running in",,VALUE,0.4958353748162665,False,,
system.cpu.usage,"The ""recent cpu usage"" of the system the application is running in",,VALUE,0.6771862422246615,False,,
system.cpu.usage,"The ""recent cpu usage"" of the system the application is running in",,VALUE,0.3765641855447681,False,,
system.cpu.usage,"The ""recent cpu usage"" of the system the application is running in",,VALUE,0.6227516778523491,False,,
system.cpu.usage,"The ""recent cpu usage"" of the system the application is running in",,VALUE,0.4455446871231408,False,,
system.cpu.usage,"The ""recent cpu usage"" of the system the application is running in",,VALUE,0.4730352374469868,False,,
system.cpu.usage,"The ""recent cpu usage"" of the system the application is running in",,VALUE,0.3475864823884527,False,,
system.cpu.usage,"The ""recent cpu usage"" of the system the application is running in",,VALUE,0.3229007848322034,False,,
system.cpu.usage,"The ""recent cpu usage"" of the system the application is running in",,VALUE,0.3163438208951863,False,,
system.cpu.usage,"The ""recent cpu usage"" of the system the application is running in",,VALUE,0.3354968559116451,False,,
system.cpu.usage,"The ""recent cpu usage"" of the system the application is running in",,VALUE,0.35086155256637763,False,,
system.cpu.usage,"The ""recent cpu usage"" of the system the application is running in",,VALUE,0.2817124069054633,False,,
system.cpu.usage,"The ""recent cpu usage"" of the system the application is running in",,VALUE,0.2655678578829169,False,,
system.cpu.usage,"The ""recent cpu usage"" of the system the application is running in",,VALUE,0.2760568349836462,False,,
system.cpu.usage,"The ""recent cpu usage"" of the system the application is running in",,VALUE,0.3008691464220512,False,,
system.cpu.usage,"The ""recent cpu usage"" of the system the application is running in",,VALUE,0.2657214111581248,False,,
system.cpu.usage,"The ""recent cpu usage"" of the system the application is running in",,VALUE,0.24377526805501468,False,,
system.cpu.usage,"The ""recent cpu usage"" of the system the application is running in",,VALUE,0.25727532496638283,False,,
system.cpu.usage,"The ""recent cpu usage"" of the system the application is running in",,VALUE,0.27776424437407077,False,,
system.cpu.usage,"The ""recent cpu usage"" of the system the application is running in",,VALUE,0.2549201431008738,False,,
system.cpu.usage,"The ""recent cpu usage"" of the system the application is running in",,VALUE,0.2503585193152281,False,,
system.cpu.usage,"The ""recent cpu usage"" of the system the application is running in",,VALUE,0.2724650021567298,False,,
system.cpu.usage,"The ""recent cpu usage"" of the system the application is running in",,VALUE,0.29016690520938077,False,,
system.cpu.usage,"The ""recent cpu usage"" of the system the application is running in",,VALUE,0.25443281290279196,False,,
system.cpu.usage,"The ""recent cpu usage"" of the system the application is running in",,VALUE,0.2499866949387547,False,,
system.cpu.usage,"The ""recent cpu usage"" of the system the application is running in",,VALUE,0.27260327685198155,False,,
system.cpu.usage,"The ""recent cpu usage"" of the system the application is running in",,VALUE,0.2876767948297925,False,,
system.cpu.usage,"The ""recent cpu usage"" of the system the application is running in",,VALUE,0.25558677607232205,False,,
system.cpu.usage,"The ""recent cpu usage"" of the system the application is running in",,VALUE,0.252423566593446,False,,
system.cpu.usage,"The ""recent cpu usage"" of the system the application is running in",,VALUE,0.2784690281847161,False,,
system.cpu.usage,"The ""recent cpu usage"" of the system the application is running in",,VALUE,0.2860959197560422,False,,
system.cpu.usage,"The ""recent cpu usage"" of the system the application is running in",,VALUE,0.2519526653742282,False,,
system.cpu.usage,"The ""recent cpu usage"" of the system the application is running in",,VALUE,0.2549262981527608,False,,
system.cpu.usage,"The ""recent cpu usage"" of the system the application is running in",,VALUE,0.274788550943819,False,,
system.cpu.usage,"The ""recent cpu usage"" of the system the application is running in",,VALUE,0.2902484364239041,False,,
system.cpu.usage,"The ""recent cpu usage"" of the system the application is running in",,VALUE,0.3390495379385644,False,,
system.cpu.usage,"The ""recent cpu usage"" of the system the application is running in",,VALUE,0.3072438063063063,False,,
system.cpu.usage,"The ""recent cpu usage"" of the system the application is running in",,VALUE,0.3305596620908131,False,,
system.cpu.usage,"The ""recent cpu usage"" of the system the application is running in",,VALUE,0.34119245232075107,False,,
system.cpu.usage,"The ""recent cpu usage"" of the system the application is running in",,VALUE,0.31365442606318517,False,,
system.cpu.usage,"The ""recent cpu usage"" of the system the application is running in",,VALUE,0.3101542517830785,False,,
system.cpu.usage,"The ""recent cpu usage"" of the system the application is running in",,VALUE,0.33786668018223487,False,,
system.cpu.usage,"The ""recent cpu usage"" of the system the application is running in",,VALUE,0.3414348075560006,False,,
system.cpu.usage,"The ""recent cpu usage"" of the system the application is running in",,VALUE,0.3130274008895002,False,,
system.cpu.usage,"The ""recent cpu usage"" of the system the application is running in",,VALUE,0.3063537918334938,False,,
system.cpu.usage,"The ""recent cpu usage"" of the system the application is running in",,VALUE,0.33446839646535714,False,,
system.cpu.usage,"The ""recent cpu usage"" of the system the application is running in",,VALUE,0.34309658731386306,False,,
system.cpu.usage,"The ""recent cpu usage"" of the system the application is running in",,VALUE,0.316513167159555,False,,
system.cpu.usage,"The ""recent cpu usage"" of the system the application is running in",,VALUE,0.3009406773214784,False,,
system.cpu.usage,"The ""recent cpu usage"" of the system the application is running in",,VALUE,0.32131271048740306,False,,
system.cpu.usage,"The ""recent cpu usage"" of the system the application is running in",,VALUE,0.336768609542663,False,,
system.cpu.usage,"The ""recent cpu usage"" of the system the application is running in",,VALUE,0.3066621575921542,False,,
system.cpu.usage,"The ""recent cpu usage"" of the system the application is running in",,VALUE,0.2980225391645461,False,,
system.cpu.usage,"The ""recent cpu usage"" of the system the application is running in",,VALUE,0.3120867428368759,False,,
system.cpu.usage,"The ""recent cpu usage"" of the system the application is running in",,VALUE,0.3324552219482815,False,,
system.cpu.usage,"The ""recent cpu usage"" of the system the application is running in",,VALUE,0.3023726501123323,False,,
system.cpu.usage,"The ""recent cpu usage"" of the system the application is running in",,VALUE,0.3020206060128098,False,,
system.cpu.usage,"The ""recent cpu usage"" of the system the application is running in",,VALUE,0.3183511319708202,False,,
system.cpu.usage,"The ""recent cpu usage"" of the system the application is running in",,VALUE,0.3391970117179809,False,,
system.cpu.usage,"The ""recent cpu usage"" of the system the application is running in",,VALUE,0.2918782584190503,False,,
system.cpu.usage,"The ""recent cpu usage"" of the system the application is running in",,VALUE,0.29648180335396346,False,,
system.cpu.usage,"The ""recent cpu usage"" of the system the application is running in",,VALUE,0.3224746344059678,False,,
system.cpu.usage,"The ""recent cpu usage"" of the system the application is running in",,VALUE,0.33466355063965736,False,,
system.cpu.usage,"The ""recent cpu usage"" of the system the application is running in",,VALUE,0.2961761539458777,False,,
system.cpu.usage,"The ""recent cpu usage"" of the system the application is running in",,VALUE,0.30143533931579153,False,,
system.cpu.usage,"The ""recent cpu usage"" of the system the application is running in",,VALUE,0.31711270122203433,False,,
system.cpu.usage,"The ""recent cpu usage"" of the system the application is running in",,VALUE,0.3301524676801162,False,,
system.cpu.usage,"The ""recent cpu usage"" of the system the application is running in",,VALUE,0.2984745404605958,False,,
system.cpu.usage,"The ""recent cpu usage"" of the system the application is running in",,VALUE,0.2967316505685739,False,,
system.cpu.usage,"The ""recent cpu usage"" of the system the application is running in",,VALUE,0.3187429822512516,False,,
system.cpu.usage,"The ""recent cpu usage"" of the system the application is running in",,VALUE,0.33155241198084595,False,,
system.cpu.usage,"The ""recent cpu usage"" of the system the application is running in",,VALUE,0.29658214513066944,False,,
system.cpu.usage,"The ""recent cpu usage"" of the system the application is running in",,VALUE,0.29620459954652356,False,,
system.cpu.usage,"The ""recent cpu usage"" of the system the application is running in",,VALUE,0.3180828070649421,False,,
system.cpu.usage,"The ""recent cpu usage"" of the system the application is running in",,VALUE,0.3290146991014092,False,,
system.cpu.usage,"The ""recent cpu usage"" of the system the application is running in",,VALUE,0.30092069405733834,False,,
system.cpu.usage,"The ""recent cpu usage"" of the system the application is running in",,VALUE,0.29792496520950357,False,,
system.cpu.usage,"The ""recent cpu usage"" of the system the application is running in",,VALUE,0.3155033696857775,False,,
system.cpu.usage,"The ""recent cpu usage"" of the system the application is running in",,VALUE,0.3276407301537284,False,,
system.cpu.usage,"The ""recent cpu usage"" of the system the application is running in",,VALUE,0.30433974118767415,False,,
system.cpu.usage,"The ""recent cpu usage"" of the system the application is running in",,VALUE,0.29925609735495023,False,,
system.cpu.usage,"The ""recent cpu usage"" of the system the application is running in",,VALUE,0.3168781700898245,False,,
system.cpu.usage,"The ""recent cpu usage"" of the system the application is running in",,VALUE,0.32810321173136614,False,,
system.cpu.usage,"The ""recent cpu usage"" of the system the application is running in",,VALUE,0.2996399452311056,False,,
system.cpu.usage,"The ""recent cpu usage"" of the system the application is running in",,VALUE,0.29992258863601173,False,,
system.cpu.usage,"The ""recent cpu usage"" of the system the application is running in",,VALUE,0.3150710367140245,False,,
system.cpu.usage,"The ""recent cpu usage"" of the system the application is running in",,VALUE,0.3299402056117329,False,,
system.cpu.usage,"The ""recent cpu usage"" of the system the application is running in",,VALUE,0.30173591453092563,False,,
system.cpu.usage,"The ""recent cpu usage"" of the system the application is running in",,VALUE,0.29669014421655293,False,,
system.cpu.usage,"The ""recent cpu usage"" of the system the application is running in",,VALUE,0.31216505518062054,False,,
system.cpu.usage,"The ""recent cpu usage"" of the system the application is running in",,VALUE,0.32919583025176524,False,,
system.cpu.usage,"The ""recent cpu usage"" of the system the application is running in",,VALUE,0.2954103845049084,False,,
system.cpu.usage,"The ""recent cpu usage"" of the system the application is running in",,VALUE,0.29672486623486344,False,,
system.cpu.usage,"The ""recent cpu usage"" of the system the application is running in",,VALUE,0.3215792332349291,False,,
system.cpu.usage,"The ""recent cpu usage"" of the system the application is running in",,VALUE,0.3262466003088199,False,,
system.cpu.usage,"The ""recent cpu usage"" of the system the application is running in",,VALUE,0.29478659902137816,False,,
system.cpu.usage,"The ""recent cpu usage"" of the system the application is running in",,VALUE,0.2960982573511399,False,,
system.cpu.usage,"The ""recent cpu usage"" of the system the application is running in",,VALUE,0.3167240467591499,False,,
system.cpu.usage,"The ""recent cpu usage"" of the system the application is running in",,VALUE,0.32576515978088477,False,,
system.cpu.usage,"The ""recent cpu usage"" of the system the application is running in",,VALUE,0.30160751771650773,False,,
system.cpu.usage,"The ""recent cpu usage"" of the system the application is running in",,VALUE,0.293629355048603,False,,
system.cpu.usage,"The ""recent cpu usage"" of the system the application is running in",,VALUE,0.30722743977133526,False,,
system.cpu.usage,"The ""recent cpu usage"" of the system the application is running in",,VALUE,0.3264070409021719,False,,
system.cpu.usage,"The ""recent cpu usage"" of the system the application is running in",,VALUE,0.29641278860028863,False,,
system.cpu.usage,"The ""recent cpu usage"" of the system the application is running in",,VALUE,0.29517897611305827,False,,
system.cpu.usage,"The ""recent cpu usage"" of the system the application is running in",,VALUE,0.30930449196927867,False,,
system.cpu.usage,"The ""recent cpu usage"" of the system the application is running in",,VALUE,0.3245986567516791,False,,
system.cpu.usage,"The ""recent cpu usage"" of the system the application is running in",,VALUE,0.2548627981216443,False,,
system.cpu.usage,"The ""recent cpu usage"" of the system the application is running in",,VALUE,0.23892984535548065,False,,
system.cpu.usage,"The ""recent cpu usage"" of the system the application is running in",,VALUE,0.25193615995875507,False,,
system.cpu.usage,"The ""recent cpu usage"" of the system the application is running in",,VALUE,0.27970511344053933,False,,
system.cpu.usage,"The ""recent cpu usage"" of the system the application is running in",,VALUE,0.2489707378457382,False,,
system.cpu.usage,"The ""recent cpu usage"" of the system the application is running in",,VALUE,0.2429828741205819,False,,
system.cpu.usage,"The ""recent cpu usage"" of the system the application is running in",,VALUE,0.26251950810164104,False,,
system.cpu.usage,"The ""recent cpu usage"" of the system the application is running in",,VALUE,0.27963395573183647,False,,
system.cpu.usage,"The ""recent cpu usage"" of the system the application is running in",,VALUE,0.25078900604857923,False,,
system.cpu.usage,"The ""recent cpu usage"" of the system the application is running in",,VALUE,0.24952013203724616,False,,
system.cpu.usage,"The ""recent cpu usage"" of the system the application is running in",,VALUE,0.26477821473788,False,,
system.cpu.usage,"The ""recent cpu usage"" of the system the application is running in",,VALUE,0.2785061436620034,False,,
system.cpu.usage,"The ""recent cpu usage"" of the system the application is running in",,VALUE,0.2517532873261773,False,,
system.cpu.usage,"The ""recent cpu usage"" of the system the application is running in",,VALUE,0.24994185248184816,False,,
system.cpu.usage,"The ""recent cpu usage"" of the system the application is running in",,VALUE,0.26669991147169897,False,,
system.cpu.usage,"The ""recent cpu usage"" of the system the application is running in",,VALUE,0.2720356826861693,False,,
system.cpu.usage,"The ""recent cpu usage"" of the system the application is running in",,VALUE,0.2598344874744627,False,,
system.cpu.usage,"The ""recent cpu usage"" of the system the application is running in",,VALUE,0.24916049534978893,False,,
system.cpu.usage,"The ""recent cpu usage"" of the system the application is running in",,VALUE,0.2637862421830586,False,,
system.cpu.usage,"The ""recent cpu usage"" of the system the application is running in",,VALUE,0.2880630302486915,False,,
system.cpu.usage,"The ""recent cpu usage"" of the system the application is running in",,VALUE,0.258618225033845,False,,
system.cpu.usage,"The ""recent cpu usage"" of the system the application is running in",,VALUE,0.2512848535799356,False,,
system.cpu.usage,"The ""recent cpu usage"" of the system the application is running in",,VALUE,0.2704483012611361,False,,
system.cpu.usage,"The ""recent cpu usage"" of the system the application is running in",,VALUE,0.2780968649799073,False,,
system.cpu.usage,"The ""recent cpu usage"" of the system the application is running in",,VALUE,0.3304768474800536,False,,
system.cpu.usage,"The ""recent cpu usage"" of the system the application is running in",,VALUE,0.3016573332388176,False,,
system.cpu.usage,"The ""recent cpu usage"" of the system the application is running in",,VALUE,0.3100996135583232,False,,
system.cpu.usage,"The ""recent cpu usage"" of the system the application is running in",,VALUE,0.32982600084877634,False,,
system.cpu.usage,"The ""recent cpu usage"" of the system the application is running in",,VALUE,0.298341224832548,False,,
system.cpu.usage,"The ""recent cpu usage"" of the system the application is running in",,VALUE,0.29826522044974924,False,,
system.cpu.usage,"The ""recent cpu usage"" of the system the application is running in",,VALUE,0.3140505468351561,False,,
system.cpu.usage,"The ""recent cpu usage"" of the system the application is running in",,VALUE,0.32913789199592436,False,,
system.cpu.usage,"The ""recent cpu usage"" of the system the application is running in",,VALUE,0.664973323237837,False,,
system.cpu.usage,"The ""recent cpu usage"" of the system the application is running in",,VALUE,0.6522269044123415,False,,
system.cpu.usage,"The ""recent cpu usage"" of the system the application is running in",,VALUE,0.5331773916364331,False,,
system.cpu.usage,"The ""recent cpu usage"" of the system the application is running in",,VALUE,0.3377375872769589,False,,
system.cpu.usage,"The ""recent cpu usage"" of the system the application is running in",,VALUE,0.3250173543504393,False,,
system.cpu.usage,"The ""recent cpu usage"" of the system the application is running in",,VALUE,0.31188298889274263,False,,
system.cpu.usage,"The ""recent cpu usage"" of the system the application is running in",,VALUE,0.3211081094799533,False,,
system.cpu.usage,"The ""recent cpu usage"" of the system the application is running in",,VALUE,0.3365117281359771,False,,
system.cpu.usage,"The ""recent cpu usage"" of the system the application is running in",,VALUE,0.32391026346767837,False,,
system.cpu.usage,"The ""recent cpu usage"" of the system the application is running in",,VALUE,0.3059469221327088,False,,
system.cpu.usage,"The ""recent cpu usage"" of the system the application is running in",,VALUE,0.3241445081486163,False,,
system.cpu.usage,"The ""recent cpu usage"" of the system the application is running in",,VALUE,0.336673414495238,False,,
system.cpu.usage,"The ""recent cpu usage"" of the system the application is running in",,VALUE,0.31842180264631936,False,,
system.cpu.usage,"The ""recent cpu usage"" of the system the application is running in",,VALUE,0.3125834356434246,False,,
system.cpu.usage,"The ""recent cpu usage"" of the system the application is running in",,VALUE,0.32631763026812355,False,,
system.cpu.usage,"The ""recent cpu usage"" of the system the application is running in",,VALUE,0.33208051496192204,False,,
system.cpu.usage,"The ""recent cpu usage"" of the system the application is running in",,VALUE,0.2835704065314367,False,,
system.cpu.usage,"The ""recent cpu usage"" of the system the application is running in",,VALUE,0.2601938755498277,False,,
system.cpu.usage,"The ""recent cpu usage"" of the system the application is running in",,VALUE,0.270618708424089,False,,
system.cpu.usage,"The ""recent cpu usage"" of the system the application is running in",,VALUE,0.2815973409413202,False,,
system.cpu.usage,"The ""recent cpu usage"" of the system the application is running in",,VALUE,0.2730814835163295,False,,
system.cpu.usage,"The ""recent cpu usage"" of the system the application is running in",,VALUE,0.2633051807485671,False,,
system.cpu.usage,"The ""recent cpu usage"" of the system the application is running in",,VALUE,0.27460958308800854,False,,
system.cpu.usage,"The ""recent cpu usage"" of the system the application is running in",,VALUE,0.2851089944599037,False,,
system.cpu.usage,"The ""recent cpu usage"" of the system the application is running in",,VALUE,0.2790507387906419,False,,
system.cpu.usage,"The ""recent cpu usage"" of the system the application is running in",,VALUE,0.2687570428259882,False,,
system.cpu.usage,"The ""recent cpu usage"" of the system the application is running in",,VALUE,0.2791815435319967,False,,
system.cpu.usage,"The ""recent cpu usage"" of the system the application is running in",,VALUE,0.2894126154001379,False,,
system.cpu.usage,"The ""recent cpu usage"" of the system the application is running in",,VALUE,0.2793011234947189,False,,
system.cpu.usage,"The ""recent cpu usage"" of the system the application is running in",,VALUE,0.2710272513177078,False,,
system.cpu.usage,"The ""recent cpu usage"" of the system the application is running in",,VALUE,0.2829085427867791,False,,
system.cpu.usage,"The ""recent cpu usage"" of the system the application is running in",,VALUE,0.29163257529057063,False,,
system.cpu.usage,"The ""recent cpu usage"" of the system the application is running in",,VALUE,0.28106818971605363,False,,
system.cpu.usage,"The ""recent cpu usage"" of the system the application is running in",,VALUE,0.27271733647217083,False,,
system.cpu.usage,"The ""recent cpu usage"" of the system the application is running in",,VALUE,0.28128844585562435,False,,
system.cpu.usage,"The ""recent cpu usage"" of the system the application is running in",,VALUE,0.2897199928260772,False,,
system.cpu.usage,"The ""recent cpu usage"" of the system the application is running in",,VALUE,0.27780206966914445,False,,
system.cpu.usage,"The ""recent cpu usage"" of the system the application is running in",,VALUE,0.2780596655098368,False,,
system.cpu.usage,"The ""recent cpu usage"" of the system the application is running in",,VALUE,0.28721081762768863,False,,
system.cpu.usage,"The ""recent cpu usage"" of the system the application is running in",,VALUE,0.48661994092063526,False,,
system.cpu.usage,"The ""recent cpu usage"" of the system the application is running in",,VALUE,0.958099555322899,False,,
system.cpu.usage,"The ""recent cpu usage"" of the system the application is running in",,VALUE,0.9969311644679808,True,,
system.cpu.usage,"The ""recent cpu usage"" of the system the application is running in",,VALUE,0.9978861860598951,True,,
system.cpu.usage,"The ""recent cpu usage"" of the system the application is running in",,VALUE,0.9970871366272963,True,,
system.cpu.usage,"The ""recent cpu usage"" of the system the application is running in",,VALUE,0.9980358212930289,True,,
system.cpu.usage,"The ""recent cpu usage"" of the system the application is running in",,VALUE,0.9979516194662584,True,,
system.cpu.usage,"The ""recent cpu usage"" of the system the application is running in",,VALUE,0.9981945321714244,True,,
system.cpu.usage,"The ""recent cpu usage"" of the system the application is running in",,VALUE,0.9983821986637955,True,,
system.cpu.usage,"The ""recent cpu usage"" of the system the application is running in",,VALUE,0.9980627089646535,True,,
system.cpu.usage,"The ""recent cpu usage"" of the system the application is running in",,VALUE,0.9982101877776637,True,,
system.cpu.usage,"The ""recent cpu usage"" of the system the application is running in",,VALUE,0.9982601335465062,True,,
system.cpu.usage,"The ""recent cpu usage"" of the system the application is running in",,VALUE,0.9982161259969531,True,,
system.cpu.usage,"The ""recent cpu usage"" of the system the application is running in",,VALUE,0.9982024420280651,True,,
system.cpu.usage,"The ""recent cpu usage"" of the system the application is running in",,VALUE,0.998093512383832,True,,
system.cpu.usage,"The ""recent cpu usage"" of the system the application is running in",,VALUE,0.998150812162181,True,,
system.cpu.usage,"The ""recent cpu usage"" of the system the application is running in",,VALUE,0.9983922382380266,True,,
system.cpu.usage,"The ""recent cpu usage"" of the system the application is running in",,VALUE,0.9981504894301851,True,,
system.cpu.usage,"The ""recent cpu usage"" of the system the application is running in",,VALUE,0.9979442959769316,True,,
system.cpu.usage,"The ""recent cpu usage"" of the system the application is running in",,VALUE,0.9982397913495119,True,,
system.cpu.usage,"The ""recent cpu usage"" of the system the application is running in",,VALUE,0.9982059779047123,True,,
system.cpu.usage,"The ""recent cpu usage"" of the system the application is running in",,VALUE,0.9983805556889843,True,,
system.cpu.usage,"The ""recent cpu usage"" of the system the application is running in",,VALUE,0.9980407404230119,True,,
system.cpu.usage,"The ""recent cpu usage"" of the system the application is running in",,VALUE,0.9978942228461563,True,,
system.cpu.usage,"The ""recent cpu usage"" of the system the application is running in",,VALUE,0.9981121875936554,True,,
system.cpu.usage,"The ""recent cpu usage"" of the system the application is running in",,VALUE,0.9983142765251916,True,,
system.cpu.usage,"The ""recent cpu usage"" of the system the application is running in",,VALUE,0.9980772795303583,True,,
system.cpu.usage,"The ""recent cpu usage"" of the system the application is running in",,VALUE,0.997684857468833,True,,
system.cpu.usage,"The ""recent cpu usage"" of the system the application is running in",,VALUE,0.9467470484802814,False,,
system.cpu.usage,"The ""recent cpu usage"" of the system the application is running in",,VALUE,0.3958173716682124,False,,
system.cpu.usage,"The ""recent cpu usage"" of the system the application is running in",,VALUE,0.9772714223925101,True,,
system.cpu.usage,"The ""recent cpu usage"" of the system the application is running in",,VALUE,0.326129646427895,False,,
system.cpu.usage,"The ""recent cpu usage"" of the system the application is running in",,VALUE,0.3296307497731709,False,,
system.cpu.usage,"The ""recent cpu usage"" of the system the application is running in",,VALUE,0.999938389501571,True,,
system.cpu.usage,"The ""recent cpu usage"" of the system the application is running in",,VALUE,0.9996164852346816,True,,
system.cpu.usage,"The ""recent cpu usage"" of the system the application is running in",,VALUE,0.9994237353250246,True,,
system.cpu.usage,"The ""recent cpu usage"" of the system the application is running in",,VALUE,0.9961415962675191,True,,
system.cpu.usage,"The ""recent cpu usage"" of the system the application is running in",,VALUE,0.9993631489751761,True,,
system.cpu.usage,"The ""recent cpu usage"" of the system the application is running in",,VALUE,0.9987413478575855,True,,
system.cpu.usage,"The ""recent cpu usage"" of the system the application is running in",,VALUE,0.9993856415657363,True,,
system.cpu.usage,"The ""recent cpu usage"" of the system the application is running in",,VALUE,0.9981541487524114,True,,
system.cpu.usage,"The ""recent cpu usage"" of the system the application is running in",,VALUE,0.9979844482497263,True,,
system.cpu.usage,"The ""recent cpu usage"" of the system the application is running in",,VALUE,0.9978219903695841,True,,
system.cpu.usage,"The ""recent cpu usage"" of the system the application is running in",,VALUE,0.9977027925181192,True,,
system.cpu.usage,"The ""recent cpu usage"" of the system the application is running in",,VALUE,0.9974383623775877,True,,
system.cpu.usage,"The ""recent cpu usage"" of the system the application is running in",,VALUE,0.9974140553696379,True,,
system.cpu.usage,"The ""recent cpu usage"" of the system the application is running in",,VALUE,0.9973016390973669,True,,
system.cpu.usage,"The ""recent cpu usage"" of the system the application is running in",,VALUE,0.9972182941806812,True,,
system.cpu.usage,"The ""recent cpu usage"" of the system the application is running in",,VALUE,0.9972448355653603,True,,
system.cpu.usage,"The ""recent cpu usage"" of the system the application is running in",,VALUE,0.9973083195492307,True,,
system.cpu.usage,"The ""recent cpu usage"" of the system the application is running in",,VALUE,0.9973467661308929,True,,
system.cpu.usage,"The ""recent cpu usage"" of the system the application is running in",,VALUE,0.99724215148894,True,,
system.cpu.usage,"The ""recent cpu usage"" of the system the application is running in",,VALUE,0.9970864562106858,True,,
system.cpu.usage,"The ""recent cpu usage"" of the system the application is running in",,VALUE,0.992822966507177,True,,
system.cpu.usage,"The ""recent cpu usage"" of the system the application is running in",,VALUE,0.16820789273619463,False,,
system.cpu.usage,"The ""recent cpu usage"" of the system the application is running in",,VALUE,0.16137086807477868,False,,
system.cpu.usage,"The ""recent cpu usage"" of the system the application is running in",,VALUE,0.12577761367704976,False,,
system.cpu.usage,"The ""recent cpu usage"" of the system the application is running in",,VALUE,0.13845190401771362,False,,
system.cpu.usage,"The ""recent cpu usage"" of the system the application is running in",,VALUE,0.15099018897888772,False,,
system.cpu.usage,"The ""recent cpu usage"" of the system the application is running in",,VALUE,0.16059932631696647,False,,
system.cpu.usage,"The ""recent cpu usage"" of the system the application is running in",,VALUE,0.1274046933124493,False,,
system.cpu.usage,"The ""recent cpu usage"" of the system the application is running in",,VALUE,0.13784416303408709,False,,
system.cpu.usage,"The ""recent cpu usage"" of the system the application is running in",,VALUE,0.14496196255851107,False,,
system.cpu.usage,"The ""recent cpu usage"" of the system the application is running in",,VALUE,0.16239990157920636,False,,
system.cpu.usage,"The ""recent cpu usage"" of the system the application is running in",,VALUE,0.12563127429322446,False,,
system.cpu.usage,"The ""recent cpu usage"" of the system the application is running in",,VALUE,0.13608962852365694,False,,
system.cpu.usage,"The ""recent cpu usage"" of the system the application is running in",,VALUE,0.15052230524317872,False,,
system.cpu.usage,"The ""recent cpu usage"" of the system the application is running in",,VALUE,0.16370238065289763,False,,
system.cpu.usage,"The ""recent cpu usage"" of the system the application is running in",,VALUE,0.12575433023305238,False,,
system.cpu.usage,"The ""recent cpu usage"" of the system the application is running in",,VALUE,0.13748080521594655,False,,
system.cpu.usage,"The ""recent cpu usage"" of the system the application is running in",,VALUE,0.1497726777056386,False,,
system.cpu.usage,"The ""recent cpu usage"" of the system the application is running in",,VALUE,0.16604977271837768,False,,
system.cpu.usage,"The ""recent cpu usage"" of the system the application is running in",,VALUE,0.12673447920862987,False,,
system.cpu.usage,"The ""recent cpu usage"" of the system the application is running in",,VALUE,0.9955168275893369,True,,
system.cpu.usage,"The ""recent cpu usage"" of the system the application is running in",,VALUE,0.9974731244336553,True,,
system.cpu.usage,"The ""recent cpu usage"" of the system the application is running in",,VALUE,0.14650485127857885,False,,
system.cpu.usage,"The ""recent cpu usage"" of the system the application is running in",,VALUE,0.15555064576213357,False,,
system.cpu.usage,"The ""recent cpu usage"" of the system the application is running in",,VALUE,0.16711133484352714,False,,
system.cpu.usage,"The ""recent cpu usage"" of the system the application is running in",,VALUE,0.12600731985763214,False,,
system.cpu.usage,"The ""recent cpu usage"" of the system the application is running in",,VALUE,0.1406814647408286,False,,
system.cpu.usage,"The ""recent cpu usage"" of the system the application is running in",,VALUE,0.15314967567612925,False,,
system.cpu.usage,"The ""recent cpu usage"" of the system the application is running in",,VALUE,0.16902475715396187,False,,
system.cpu.usage,"The ""recent cpu usage"" of the system the application is running in",,VALUE,0.12526021264689424,False,,
system.cpu.usage,"The ""recent cpu usage"" of the system the application is running in",,VALUE,0.1393345898091238,False,,
system.cpu.usage,"The ""recent cpu usage"" of the system the application is running in",,VALUE,0.1557149927162817,False,,
system.cpu.usage,"The ""recent cpu usage"" of the system the application is running in",,VALUE,0.16576348966353746,False,,
system.cpu.usage,"The ""recent cpu usage"" of the system the application is running in",,VALUE,0.12807235821229362,False,,
system.cpu.usage,"The ""recent cpu usage"" of the system the application is running in",,VALUE,0.1418583513948123,False,,
system.cpu.usage,"The ""recent cpu usage"" of the system the application is running in",,VALUE,0.15490306847292293,False,,
system.cpu.usage,"The ""recent cpu usage"" of the system the application is running in",,VALUE,0.17133401720104313,False,,
system.cpu.usage,"The ""recent cpu usage"" of the system the application is running in",,VALUE,0.12831730836517335,False,,
system.cpu.usage,"The ""recent cpu usage"" of the system the application is running in",,VALUE,0.8071277190625674,False,,
system.cpu.usage,"The ""recent cpu usage"" of the system the application is running in",,VALUE,0.9995705072559278,True,,
system.cpu.usage,"The ""recent cpu usage"" of the system the application is running in",,VALUE,0.9992177546378247,True,,
system.cpu.usage,"The ""recent cpu usage"" of the system the application is running in",,VALUE,0.9992741818792855,True,,
system.cpu.usage,"The ""recent cpu usage"" of the system the application is running in",,VALUE,0.9991421699309233,True,,
system.cpu.usage,"The ""recent cpu usage"" of the system the application is running in",,VALUE,0.9991371434372145,True,,
system.cpu.usage,"The ""recent cpu usage"" of the system the application is running in",,VALUE,0.9988978420808439,True,,
system.cpu.usage,"The ""recent cpu usage"" of the system the application is running in",,VALUE,0.998539571881843,True,,
system.cpu.usage,"The ""recent cpu usage"" of the system the application is running in",,VALUE,0.995943073354201,True,,
system.cpu.usage,"The ""recent cpu usage"" of the system the application is running in",,VALUE,0.9756351568753935,True,,
system.cpu.usage,"The ""recent cpu usage"" of the system the application is running in",,VALUE,0.951660621317652,False,,
system.cpu.usage,"The ""recent cpu usage"" of the system the application is running in",,VALUE,0.18123583989642894,False,,
system.cpu.usage,"The ""recent cpu usage"" of the system the application is running in",,VALUE,0.21612870065789472,False,,
system.cpu.usage,"The ""recent cpu usage"" of the system the application is running in",,VALUE,0.22438076736279747,False,,
system.cpu.usage,"The ""recent cpu usage"" of the system the application is running in",,VALUE,0.22457596535546737,False,,
system.cpu.usage,"The ""recent cpu usage"" of the system the application is running in",,VALUE,0.16934233082093003,False,,
system.cpu.usage,"The ""recent cpu usage"" of the system the application is running in",,VALUE,0.18725905827822056,False,,
system.cpu.usage,"The ""recent cpu usage"" of the system the application is running in",,VALUE,0.20736414250093932,False,,
system.cpu.usage,"The ""recent cpu usage"" of the system the application is running in",,VALUE,0.25321814993798913,False,,
system.cpu.usage,"The ""recent cpu usage"" of the system the application is running in",,VALUE,0.18081430945508614,False,,
system.cpu.usage,"The ""recent cpu usage"" of the system the application is running in",,VALUE,0.18793288329371,False,,
system.cpu.usage,"The ""recent cpu usage"" of the system the application is running in",,VALUE,0.19361897367120773,False,,
system.cpu.usage,"The ""recent cpu usage"" of the system the application is running in",,VALUE,0.23970644880085956,False,,
system.cpu.usage,"The ""recent cpu usage"" of the system the application is running in",,VALUE,0.2113076343636824,False,,
system.cpu.usage,"The ""recent cpu usage"" of the system the application is running in",,VALUE,0.18910551894469674,False,,
system.cpu.usage,"The ""recent cpu usage"" of the system the application is running in",,VALUE,0.20653715520059118,False,,
system.cpu.usage,"The ""recent cpu usage"" of the system the application is running in",,VALUE,0.21731350563467353,False,,
system.cpu.usage,"The ""recent cpu usage"" of the system the application is running in",,VALUE,0.21573104547042338,False,,
system.cpu.usage,"The ""recent cpu usage"" of the system the application is running in",,VALUE,0.19196889790783786,False,,
system.cpu.usage,"The ""recent cpu usage"" of the system the application is running in",,VALUE,0.20401539138707064,False,,
system.cpu.usage,"The ""recent cpu usage"" of the system the application is running in",,VALUE,0.218114502950522,False,,
system.cpu.usage,"The ""recent cpu usage"" of the system the application is running in",,VALUE,0.7853702429471233,False,,
system.cpu.usage,"The ""recent cpu usage"" of the system the application is running in",,VALUE,0.9996726586773191,True,,
system.cpu.usage,"The ""recent cpu usage"" of the system the application is running in",,VALUE,0.9996476948982337,True,,
system.cpu.usage,"The ""recent cpu usage"" of the system the application is running in",,VALUE,0.9996748744654186,True,,
system.cpu.usage,"The ""recent cpu usage"" of the system the application is running in",,VALUE,0.999549631453068,True,,
system.cpu.usage,"The ""recent cpu usage"" of the system the application is running in",,VALUE,0.9993676087531864,True,,
system.cpu.usage,"The ""recent cpu usage"" of the system the application is running in",,VALUE,0.9622736962770826,True,,
system.cpu.usage,"The ""recent cpu usage"" of the system the application is running in",,VALUE,0.7127400587744126,False,,
system.cpu.usage,"The ""recent cpu usage"" of the system the application is running in",,VALUE,0.9959162966246031,True,,
system.cpu.usage,"The ""recent cpu usage"" of the system the application is running in",,VALUE,0.9976991116014239,True,,
system.cpu.usage,"The ""recent cpu usage"" of the system the application is running in",,VALUE,0.9976261952412719,True,,
system.cpu.usage,"The ""recent cpu usage"" of the system the application is running in",,VALUE,0.9974610263408179,True,,
system.cpu.usage,"The ""recent cpu usage"" of the system the application is running in",,VALUE,0.9974863904398956,True,,
system.cpu.usage,"The ""recent cpu usage"" of the system the application is running in",,VALUE,0.9977851421800291,True,,
system.cpu.usage,"The ""recent cpu usage"" of the system the application is running in",,VALUE,0.9976428581391132,True,,
system.cpu.usage,"The ""recent cpu usage"" of the system the application is running in",,VALUE,0.9976824325629261,True,,
system.cpu.usage,"The ""recent cpu usage"" of the system the application is running in",,VALUE,0.9961405003615653,True,,
system.cpu.usage,"The ""recent cpu usage"" of the system the application is running in",,VALUE,0.9972218903924636,True,,
system.cpu.usage,"The ""recent cpu usage"" of the system the application is running in",,VALUE,0.9976099268074584,True,,
system.cpu.usage,"The ""recent cpu usage"" of the system the application is running in",,VALUE,0.9970694866577914,True,,
system.cpu.usage,"The ""recent cpu usage"" of the system the application is running in",,VALUE,0.9968377914382234,True,,
system.cpu.usage,"The ""recent cpu usage"" of the system the application is running in",,VALUE,0.9962076686258046,True,,
system.cpu.usage,"The ""recent cpu usage"" of the system the application is running in",,VALUE,0.9977991047111878,True,,
system.cpu.usage,"The ""recent cpu usage"" of the system the application is running in",,VALUE,0.9977358050794549,True,,
system.cpu.usage,"The ""recent cpu usage"" of the system the application is running in",,VALUE,0.9959098541956934,True,,
system.cpu.usage,"The ""recent cpu usage"" of the system the application is running in",,VALUE,0.9974733155436958,True,,
system.cpu.usage,"The ""recent cpu usage"" of the system the application is running in",,VALUE,0.9967194053403098,True,,
system.cpu.usage,"The ""recent cpu usage"" of the system the application is running in",,VALUE,0.9975680543604868,True,,
system.cpu.usage,"The ""recent cpu usage"" of the system the application is running in",,VALUE,0.9978700566866803,True,,
system.cpu.usage,"The ""recent cpu usage"" of the system the application is running in",,VALUE,0.9974780826755123,True,,
system.cpu.usage,"The ""recent cpu usage"" of the system the application is running in",,VALUE,0.9977789625766245,True,,
system.cpu.usage,"The ""recent cpu usage"" of the system the application is running in",,VALUE,0.9975248421668781,True,,
system.cpu.usage,"The ""recent cpu usage"" of the system the application is running in",,VALUE,0.9980097616452637,True,,
system.cpu.usage,"The ""recent cpu usage"" of the system the application is running in",,VALUE,0.9977032792069102,True,,
system.cpu.usage,"The ""recent cpu usage"" of the system the application is running in",,VALUE,0.9977871801001885,True,,
system.cpu.usage,"The ""recent cpu usage"" of the system the application is running in",,VALUE,0.9982808308487048,True,,
system.cpu.usage,"The ""recent cpu usage"" of the system the application is running in",,VALUE,0.9987587433114715,True,,
system.cpu.usage,"The ""recent cpu usage"" of the system the application is running in",,VALUE,0.9983725411370032,True,,
system.cpu.usage,"The ""recent cpu usage"" of the system the application is running in",,VALUE,0.998617297852258,True,,
system.cpu.usage,"The ""recent cpu usage"" of the system the application is running in",,VALUE,0.998653680173625,True,,
system.cpu.usage,"The ""recent cpu usage"" of the system the application is running in",,VALUE,0.9986617178979234,True,,
system.cpu.usage,"The ""recent cpu usage"" of the system the application is running in",,VALUE,0.9979759102865846,True,,
system.cpu.usage,"The ""recent cpu usage"" of the system the application is running in",,VALUE,0.9985937691442319,True,,
system.cpu.usage,"The ""recent cpu usage"" of the system the application is running in",,VALUE,0.9986015820823867,True,,
system.cpu.usage,"The ""recent cpu usage"" of the system the application is running in",,VALUE,0.9984007676315368,True,,
system.cpu.usage,"The ""recent cpu usage"" of the system the application is running in",,VALUE,0.9983839384060793,True,,
system.cpu.usage,"The ""recent cpu usage"" of the system the application is running in",,VALUE,0.9982789448286058,True,,
system.cpu.usage,"The ""recent cpu usage"" of the system the application is running in",,VALUE,0.9984259605658782,True,,
system.cpu.usage,"The ""recent cpu usage"" of the system the application is running in",,VALUE,0.9982635132511137,True,,
system.cpu.usage,"The ""recent cpu usage"" of the system the application is running in",,VALUE,0.9978374987161016,True,,
system.cpu.usage,"The ""recent cpu usage"" of the system the application is running in",,VALUE,0.9982251386435468,True,,
system.cpu.usage,"The ""recent cpu usage"" of the system the application is running in",,VALUE,0.9983070445756269,True,,
system.cpu.usage,"The ""recent cpu usage"" of the system the application is running in",,VALUE,0.9981395323044846,True,,
system.cpu.usage,"The ""recent cpu usage"" of the system the application is running in",,VALUE,0.9977987403903344,True,,
system.cpu.usage,"The ""recent cpu usage"" of the system the application is running in",,VALUE,0.9978338444382492,True,,
system.cpu.usage,"The ""recent cpu usage"" of the system the application is running in",,VALUE,0.9980935918563579,True,,
system.cpu.usage,"The ""recent cpu usage"" of the system the application is running in",,VALUE,0.9981005490686876,True,,
system.cpu.usage,"The ""recent cpu usage"" of the system the application is running in",,VALUE,0.9981622757754028,True,,
system.cpu.usage,"The ""recent cpu usage"" of the system the application is running in",,VALUE,0.9979109025125177,True,,
system.cpu.usage,"The ""recent cpu usage"" of the system the application is running in",,VALUE,0.9982040527621668,True,,
system.cpu.usage,"The ""recent cpu usage"" of the system the application is running in",,VALUE,0.9981033297100645,True,,
system.cpu.usage,"The ""recent cpu usage"" of the system the application is running in",,VALUE,0.9977752873355451,True,,
system.cpu.usage,"The ""recent cpu usage"" of the system the application is running in",,VALUE,0.9972650277257118,True,,
system.cpu.usage,"The ""recent cpu usage"" of the system the application is running in",,VALUE,0.9783378207379412,True,,
system.cpu.usage,"The ""recent cpu usage"" of the system the application is running in",,VALUE,0.9978043147574476,True,,
system.cpu.usage,"The ""recent cpu usage"" of the system the application is running in",,VALUE,0.997739892296102,True,,
system.cpu.usage,"The ""recent cpu usage"" of the system the application is running in",,VALUE,0.9977019734684918,True,,
system.cpu.usage,"The ""recent cpu usage"" of the system the application is running in",,VALUE,0.9979617911900706,True,,
system.cpu.usage,"The ""recent cpu usage"" of the system the application is running in",,VALUE,0.9983681088225513,True,,
system.cpu.usage,"The ""recent cpu usage"" of the system the application is running in",,VALUE,0.99828196339111,True,,
system.cpu.usage,"The ""recent cpu usage"" of the system the application is running in",,VALUE,0.9985032709880344,True,,
system.cpu.usage,"The ""recent cpu usage"" of the system the application is running in",,VALUE,0.998433091326798,True,,
system.cpu.usage,"The ""recent cpu usage"" of the system the application is running in",,VALUE,0.9984865242447174,True,,
system.cpu.usage,"The ""recent cpu usage"" of the system the application is running in",,VALUE,0.9981767169248957,True,,
system.cpu.usage,"The ""recent cpu usage"" of the system the application is running in",,VALUE,0.9982235133096841,True,,
system.cpu.usage,"The ""recent cpu usage"" of the system the application is running in",,VALUE,0.9984271801031349,True,,
system.cpu.usage,"The ""recent cpu usage"" of the system the application is running in",,VALUE,0.9982431160958876,True,,
system.cpu.usage,"The ""recent cpu usage"" of the system the application is running in",,VALUE,0.9980576920942519,True,,
system.cpu.usage,"The ""recent cpu usage"" of the system the application is running in",,VALUE,0.9982618273185675,True,,
system.cpu.usage,"The ""recent cpu usage"" of the system the application is running in",,VALUE,0.9983023159866637,True,,
system.cpu.usage,"The ""recent cpu usage"" of the system the application is running in",,VALUE,0.9982573337205924,True,,
system.cpu.usage,"The ""recent cpu usage"" of the system the application is running in",,VALUE,0.9981457851503309,True,,
system.cpu.usage,"The ""recent cpu usage"" of the system the application is running in",,VALUE,0.997997058266383,True,,
system.cpu.usage,"The ""recent cpu usage"" of the system the application is running in",,VALUE,0.9982403003220783,True,,
system.cpu.usage,"The ""recent cpu usage"" of the system the application is running in",,VALUE,0.9976833199033038,True,,
system.cpu.usage,"The ""recent cpu usage"" of the system the application is running in",,VALUE,0.9982231402664179,True,,
system.cpu.usage,"The ""recent cpu usage"" of the system the application is running in",,VALUE,0.9980414980178849,True,,
system.cpu.usage,"The ""recent cpu usage"" of the system the application is running in",,VALUE,0.9982010948652208,True,,
system.cpu.usage,"The ""recent cpu usage"" of the system the application is running in",,VALUE,0.9974447429138291,True,,
system.cpu.usage,"The ""recent cpu usage"" of the system the application is running in",,VALUE,0.9979354260982041,True,,
system.cpu.usage,"The ""recent cpu usage"" of the system the application is running in",,VALUE,0.9979946783986313,True,,
system.cpu.usage,"The ""recent cpu usage"" of the system the application is running in",,VALUE,0.9981079235924373,True,,
system.cpu.usage,"The ""recent cpu usage"" of the system the application is running in",,VALUE,0.9967925495747552,True,,
system.cpu.usage,"The ""recent cpu usage"" of the system the application is running in",,VALUE,0.997680303084892,True,,
system.cpu.usage,"The ""recent cpu usage"" of the system the application is running in",,VALUE,0.9985198333977892,True,,
system.cpu.usage,"The ""recent cpu usage"" of the system the application is running in",,VALUE,0.998445554146068,True,,
system.cpu.usage,"The ""recent cpu usage"" of the system the application is running in",,VALUE,0.9982498695078142,True,,
system.cpu.usage,"The ""recent cpu usage"" of the system the application is running in",,VALUE,0.9980791777883105,True,,
system.cpu.usage,"The ""recent cpu usage"" of the system the application is running in",,VALUE,0.997843994655536,True,,
system.cpu.usage,"The ""recent cpu usage"" of the system the application is running in",,VALUE,0.9977575710009082,True,,
system.cpu.usage,"The ""recent cpu usage"" of the system the application is running in",,VALUE,0.9972220138732627,True,,
system.cpu.usage,"The ""recent cpu usage"" of the system the application is running in",,VALUE,0.9969345120533206,True,,
system.cpu.usage,"The ""recent cpu usage"" of the system the application is running in",,VALUE,0.9958929668795725,True,,
system.cpu.usage,"The ""recent cpu usage"" of the system the application is running in",,VALUE,0.9981169384025315,True,,
system.cpu.usage,"The ""recent cpu usage"" of the system the application is running in",,VALUE,0.9977891834475914,True,,
system.cpu.usage,"The ""recent cpu usage"" of the system the application is running in",,VALUE,0.9981820456156444,True,,
system.cpu.usage,"The ""recent cpu usage"" of the system the application is running in",,VALUE,0.9981325476200357,True,,
system.cpu.usage,"The ""recent cpu usage"" of the system the application is running in",,VALUE,0.9982261959362757,True,,
system.cpu.usage,"The ""recent cpu usage"" of the system the application is running in",,VALUE,0.9980996763031589,True,,
system.cpu.usage,"The ""recent cpu usage"" of the system the application is running in",,VALUE,0.9976892259463733,True,,
system.cpu.usage,"The ""recent cpu usage"" of the system the application is running in",,VALUE,0.9977916259119588,True,,
system.cpu.usage,"The ""recent cpu usage"" of the system the application is running in",,VALUE,0.9978213748868471,True,,
system.cpu.usage,"The ""recent cpu usage"" of the system the application is running in",,VALUE,0.9966911744087578,True,,
system.cpu.usage,"The ""recent cpu usage"" of the system the application is running in",,VALUE,0.9973383092163816,True,,
system.cpu.usage,"The ""recent cpu usage"" of the system the application is running in",,VALUE,0.9977845925202963,True,,
system.cpu.usage,"The ""recent cpu usage"" of the system the application is running in",,VALUE,0.9971213296953616,True,,
system.cpu.usage,"The ""recent cpu usage"" of the system the application is running in",,VALUE,0.9977596741344196,True,,
system.cpu.usage,"The ""recent cpu usage"" of the system the application is running in",,VALUE,0.9976559552606467,True,,
system.cpu.usage,"The ""recent cpu usage"" of the system the application is running in",,VALUE,0.9978912440542859,True,,
system.cpu.usage,"The ""recent cpu usage"" of the system the application is running in",,VALUE,0.9979404693634478,True,,
system.cpu.usage,"The ""recent cpu usage"" of the system the application is running in",,VALUE,0.9971752834505172,True,,
system.cpu.usage,"The ""recent cpu usage"" of the system the application is running in",,VALUE,0.9971016989657261,True,,
system.cpu.usage,"The ""recent cpu usage"" of the system the application is running in",,VALUE,0.9971892472106876,True,,
system.cpu.usage,"The ""recent cpu usage"" of the system the application is running in",,VALUE,0.9977192601380139,True,,
system.cpu.usage,"The ""recent cpu usage"" of the system the application is running in",,VALUE,0.998229017588259,True,,
system.cpu.usage,"The ""recent cpu usage"" of the system the application is running in",,VALUE,0.9978792544140288,True,,
system.cpu.usage,"The ""recent cpu usage"" of the system the application is running in",,VALUE,0.9994229659549914,True,,
system.cpu.usage,"The ""recent cpu usage"" of the system the application is running in",,VALUE,0.9998133075493412,True,,
system.cpu.usage,"The ""recent cpu usage"" of the system the application is running in",,VALUE,0.9997722120983155,True,,
system.cpu.usage,"The ""recent cpu usage"" of the system the application is running in",,VALUE,0.9998111184565045,True,,
system.cpu.usage,"The ""recent cpu usage"" of the system the application is running in",,VALUE,0.9997608008166149,True,,
system.cpu.usage,"The ""recent cpu usage"" of the system the application is running in",,VALUE,0.9997169190804865,True,,
system.cpu.usage,"The ""recent cpu usage"" of the system the application is running in",,VALUE,0.22246614079476112,False,,
system.cpu.usage,"The ""recent cpu usage"" of the system the application is running in",,VALUE,0.2677680602809493,False,,
