metric_name,description,base_unit,statistic,measurement_value,tag,tag_value,is_alert
process.uptime,The uptime of the Java virtual machine,seconds,VALUE,833678.401,,,True
process.uptime,The uptime of the Java virtual machine,seconds,VALUE,833827.774,,,True
process.uptime,The uptime of the Java virtual machine,seconds,VALUE,833855.399,,,True
process.uptime,The uptime of the Java virtual machine,seconds,VALUE,834230.419,,,True
process.uptime,The uptime of the Java virtual machine,seconds,VALUE,834267.865,,,True
process.uptime,The uptime of the Java virtual machine,seconds,VALUE,834456.222,,,True
process.uptime,The uptime of the Java virtual machine,seconds,VALUE,834552.822,,,True
process.uptime,The uptime of the Java virtual machine,seconds,VALUE,835451.962,,,True
process.uptime,The uptime of the Java virtual machine,seconds,VALUE,836352.089,,,True
process.uptime,The uptime of the Java virtual machine,seconds,VALUE,837251.991,,,True
process.uptime,The uptime of the Java virtual machine,seconds,VALUE,838152.077,,,True
process.uptime,The uptime of the Java virtual machine,seconds,VALUE,839051.766,,,True
process.uptime,The uptime of the Java virtual machine,seconds,VALUE,839951.744,,,True
process.uptime,The uptime of the Java virtual machine,seconds,VALUE,840852.034,,,True
process.uptime,The uptime of the Java virtual machine,seconds,VALUE,841751.833,,,True
process.uptime,The uptime of the Java virtual machine,seconds,VALUE,842651.78,,,True
process.uptime,The uptime of the Java virtual machine,seconds,VALUE,843551.681,,,True
process.uptime,The uptime of the Java virtual machine,seconds,VALUE,844451.873,,,True
process.uptime,The uptime of the Java virtual machine,seconds,VALUE,845351.724,,,True
process.uptime,The uptime of the Java virtual machine,seconds,VALUE,846251.666,,,True
process.uptime,The uptime of the Java virtual machine,seconds,VALUE,847151.706,,,True
process.uptime,The uptime of the Java virtual machine,seconds,VALUE,848051.713,,,True
process.uptime,The uptime of the Java virtual machine,seconds,VALUE,848951.7,,,True
process.uptime,The uptime of the Java virtual machine,seconds,VALUE,849851.627,,,True
process.uptime,The uptime of the Java virtual machine,seconds,VALUE,850751.675,,,True
process.uptime,The uptime of the Java virtual machine,seconds,VALUE,851651.655,,,True
process.uptime,The uptime of the Java virtual machine,seconds,VALUE,852551.606,,,True
process.uptime,The uptime of the Java virtual machine,seconds,VALUE,853451.605,,,True
process.uptime,The uptime of the Java virtual machine,seconds,VALUE,854351.718,,,True
process.uptime,The uptime of the Java virtual machine,seconds,VALUE,855251.595,,,True
process.uptime,The uptime of the Java virtual machine,seconds,VALUE,856151.621,,,True
process.uptime,The uptime of the Java virtual machine,seconds,VALUE,857051.617,,,True
process.uptime,The uptime of the Java virtual machine,seconds,VALUE,857951.812,,,True
process.uptime,The uptime of the Java virtual machine,seconds,VALUE,858851.623,,,True
process.uptime,The uptime of the Java virtual machine,seconds,VALUE,859751.671,,,True
process.uptime,The uptime of the Java virtual machine,seconds,VALUE,860651.692,,,True
process.uptime,The uptime of the Java virtual machine,seconds,VALUE,861551.663,,,True
process.uptime,The uptime of the Java virtual machine,seconds,VALUE,862451.671,,,True
process.uptime,The uptime of the Java virtual machine,seconds,VALUE,863351.583,,,True
process.uptime,The uptime of the Java virtual machine,seconds,VALUE,864251.677,,,True
process.uptime,The uptime of the Java virtual machine,seconds,VALUE,865151.629,,,True
process.uptime,The uptime of the Java virtual machine,seconds,VALUE,866051.562,,,True
process.uptime,The uptime of the Java virtual machine,seconds,VALUE,866951.636,,,True
process.uptime,The uptime of the Java virtual machine,seconds,VALUE,867851.579,,,True
process.uptime,The uptime of the Java virtual machine,seconds,VALUE,868751.646,,,True
process.uptime,The uptime of the Java virtual machine,seconds,VALUE,869651.622,,,True
process.uptime,The uptime of the Java virtual machine,seconds,VALUE,870551.601,,,True
process.uptime,The uptime of the Java virtual machine,seconds,VALUE,871451.694,,,True
process.uptime,The uptime of the Java virtual machine,seconds,VALUE,872351.572,,,True
process.uptime,The uptime of the Java virtual machine,seconds,VALUE,873251.585,,,True
process.uptime,The uptime of the Java virtual machine,seconds,VALUE,874151.587,,,True
process.uptime,The uptime of the Java virtual machine,seconds,VALUE,875051.561,,,True
process.uptime,The uptime of the Java virtual machine,seconds,VALUE,875951.57,,,True
process.uptime,The uptime of the Java virtual machine,seconds,VALUE,876851.589,,,True
process.uptime,The uptime of the Java virtual machine,seconds,VALUE,877751.6,,,True
process.uptime,The uptime of the Java virtual machine,seconds,VALUE,878651.573,,,True
process.uptime,The uptime of the Java virtual machine,seconds,VALUE,879551.588,,,True
process.uptime,The uptime of the Java virtual machine,seconds,VALUE,880451.735,,,True
process.uptime,The uptime of the Java virtual machine,seconds,VALUE,881351.579,,,True
process.uptime,The uptime of the Java virtual machine,seconds,VALUE,882251.635,,,True
process.uptime,The uptime of the Java virtual machine,seconds,VALUE,883151.604,,,True
process.uptime,The uptime of the Java virtual machine,seconds,VALUE,884051.721,,,True
process.uptime,The uptime of the Java virtual machine,seconds,VALUE,884951.592,,,True
process.uptime,The uptime of the Java virtual machine,seconds,VALUE,885851.553,,,True
process.uptime,The uptime of the Java virtual machine,seconds,VALUE,886751.586,,,True
process.uptime,The uptime of the Java virtual machine,seconds,VALUE,887651.59,,,True
process.uptime,The uptime of the Java virtual machine,seconds,VALUE,888551.577,,,True
process.uptime,The uptime of the Java virtual machine,seconds,VALUE,889451.538,,,True
process.uptime,The uptime of the Java virtual machine,seconds,VALUE,890351.623,,,True
process.uptime,The uptime of the Java virtual machine,seconds,VALUE,891251.628,,,True
process.uptime,The uptime of the Java virtual machine,seconds,VALUE,892151.589,,,True
process.uptime,The uptime of the Java virtual machine,seconds,VALUE,893051.551,,,True
process.uptime,The uptime of the Java virtual machine,seconds,VALUE,893951.551,,,True
process.uptime,The uptime of the Java virtual machine,seconds,VALUE,894851.591,,,True
process.uptime,The uptime of the Java virtual machine,seconds,VALUE,895751.612,,,True
process.uptime,The uptime of the Java virtual machine,seconds,VALUE,896651.656,,,True
process.uptime,The uptime of the Java virtual machine,seconds,VALUE,897551.578,,,True
process.uptime,The uptime of the Java virtual machine,seconds,VALUE,898451.581,,,True
process.uptime,The uptime of the Java virtual machine,seconds,VALUE,899351.565,,,True
process.uptime,The uptime of the Java virtual machine,seconds,VALUE,900251.559,,,True
process.uptime,The uptime of the Java virtual machine,seconds,VALUE,901151.557,,,True
process.uptime,The uptime of the Java virtual machine,seconds,VALUE,902051.601,,,True
process.uptime,The uptime of the Java virtual machine,seconds,VALUE,902951.585,,,True
process.uptime,The uptime of the Java virtual machine,seconds,VALUE,903851.656,,,True
process.uptime,The uptime of the Java virtual machine,seconds,VALUE,904751.553,,,True
process.uptime,The uptime of the Java virtual machine,seconds,VALUE,905651.574,,,True
process.uptime,The uptime of the Java virtual machine,seconds,VALUE,906551.546,,,True
process.uptime,The uptime of the Java virtual machine,seconds,VALUE,907451.553,,,True
process.uptime,The uptime of the Java virtual machine,seconds,VALUE,908351.616,,,True
process.uptime,The uptime of the Java virtual machine,seconds,VALUE,909251.643,,,True
process.uptime,The uptime of the Java virtual machine,seconds,VALUE,910151.58,,,True
process.uptime,The uptime of the Java virtual machine,seconds,VALUE,911051.623,,,True
process.uptime,The uptime of the Java virtual machine,seconds,VALUE,911951.56,,,True
process.uptime,The uptime of the Java virtual machine,seconds,VALUE,912851.585,,,True
process.uptime,The uptime of the Java virtual machine,seconds,VALUE,913751.565,,,True
process.uptime,The uptime of the Java virtual machine,seconds,VALUE,914651.562,,,True
process.uptime,The uptime of the Java virtual machine,seconds,VALUE,915551.557,,,True
process.uptime,The uptime of the Java virtual machine,seconds,VALUE,916451.55,,,True
process.uptime,The uptime of the Java virtual machine,seconds,VALUE,917351.57,,,True
process.uptime,The uptime of the Java virtual machine,seconds,VALUE,918251.595,,,True
process.uptime,The uptime of the Java virtual machine,seconds,VALUE,919151.537,,,True
process.uptime,The uptime of the Java virtual machine,seconds,VALUE,920051.608,,,True
process.uptime,The uptime of the Java virtual machine,seconds,VALUE,920951.635,,,True
process.uptime,The uptime of the Java virtual machine,seconds,VALUE,921851.663,,,True
process.uptime,The uptime of the Java virtual machine,seconds,VALUE,922751.548,,,True
process.uptime,The uptime of the Java virtual machine,seconds,VALUE,923651.685,,,True
process.uptime,The uptime of the Java virtual machine,seconds,VALUE,924551.59,,,True
process.uptime,The uptime of the Java virtual machine,seconds,VALUE,925451.688,,,True
process.uptime,The uptime of the Java virtual machine,seconds,VALUE,926351.6,,,True
process.uptime,The uptime of the Java virtual machine,seconds,VALUE,927251.552,,,True
process.uptime,The uptime of the Java virtual machine,seconds,VALUE,928151.573,,,True
process.uptime,The uptime of the Java virtual machine,seconds,VALUE,929051.55,,,True
process.uptime,The uptime of the Java virtual machine,seconds,VALUE,929951.595,,,True
process.uptime,The uptime of the Java virtual machine,seconds,VALUE,930851.546,,,True
process.uptime,The uptime of the Java virtual machine,seconds,VALUE,931751.567,,,True
process.uptime,The uptime of the Java virtual machine,seconds,VALUE,932651.548,,,True
process.uptime,The uptime of the Java virtual machine,seconds,VALUE,933551.594,,,True
process.uptime,The uptime of the Java virtual machine,seconds,VALUE,934451.58,,,True
process.uptime,The uptime of the Java virtual machine,seconds,VALUE,935351.532,,,True
process.uptime,The uptime of the Java virtual machine,seconds,VALUE,936251.605,,,True
process.uptime,The uptime of the Java virtual machine,seconds,VALUE,937151.621,,,True
process.uptime,The uptime of the Java virtual machine,seconds,VALUE,938051.596,,,True
process.uptime,The uptime of the Java virtual machine,seconds,VALUE,938951.568,,,True
process.uptime,The uptime of the Java virtual machine,seconds,VALUE,939851.574,,,True
process.uptime,The uptime of the Java virtual machine,seconds,VALUE,940751.549,,,True
process.uptime,The uptime of the Java virtual machine,seconds,VALUE,941651.581,,,True
process.uptime,The uptime of the Java virtual machine,seconds,VALUE,942551.545,,,True
process.uptime,The uptime of the Java virtual machine,seconds,VALUE,943451.57,,,True
process.uptime,The uptime of the Java virtual machine,seconds,VALUE,944351.537,,,True
process.uptime,The uptime of the Java virtual machine,seconds,VALUE,945251.576,,,True
process.uptime,The uptime of the Java virtual machine,seconds,VALUE,946151.565,,,True
process.uptime,The uptime of the Java virtual machine,seconds,VALUE,947051.591,,,True
process.uptime,The uptime of the Java virtual machine,seconds,VALUE,947951.566,,,True
process.uptime,The uptime of the Java virtual machine,seconds,VALUE,948851.576,,,True
process.uptime,The uptime of the Java virtual machine,seconds,VALUE,949751.536,,,True
process.uptime,The uptime of the Java virtual machine,seconds,VALUE,950651.731,,,True
process.uptime,The uptime of the Java virtual machine,seconds,VALUE,951551.555,,,True
process.uptime,The uptime of the Java virtual machine,seconds,VALUE,952451.612,,,True
process.uptime,The uptime of the Java virtual machine,seconds,VALUE,953351.58,,,True
process.uptime,The uptime of the Java virtual machine,seconds,VALUE,954251.683,,,True
process.uptime,The uptime of the Java virtual machine,seconds,VALUE,219703.094,,,False
process.uptime,The uptime of the Java virtual machine,seconds,VALUE,220603.218,,,False
process.uptime,The uptime of the Java virtual machine,seconds,VALUE,221503.385,,,False
process.uptime,The uptime of the Java virtual machine,seconds,VALUE,222403.158,,,False
process.uptime,The uptime of the Java virtual machine,seconds,VALUE,223303.141,,,False
process.uptime,The uptime of the Java virtual machine,seconds,VALUE,224203.093,,,False
process.uptime,The uptime of the Java virtual machine,seconds,VALUE,225103.052,,,False
process.uptime,The uptime of the Java virtual machine,seconds,VALUE,226003.082,,,False
process.uptime,The uptime of the Java virtual machine,seconds,VALUE,226903.038,,,False
process.uptime,The uptime of the Java virtual machine,seconds,VALUE,227803.083,,,False
process.uptime,The uptime of the Java virtual machine,seconds,VALUE,228703.048,,,False
process.uptime,The uptime of the Java virtual machine,seconds,VALUE,229603.038,,,False
process.uptime,The uptime of the Java virtual machine,seconds,VALUE,230503.115,,,False
process.uptime,The uptime of the Java virtual machine,seconds,VALUE,231403.058,,,False
process.uptime,The uptime of the Java virtual machine,seconds,VALUE,232303.058,,,False
process.uptime,The uptime of the Java virtual machine,seconds,VALUE,233203.03,,,False
process.uptime,The uptime of the Java virtual machine,seconds,VALUE,234103.05,,,False
process.uptime,The uptime of the Java virtual machine,seconds,VALUE,235003.165,,,False
process.uptime,The uptime of the Java virtual machine,seconds,VALUE,235903.036,,,False
process.uptime,The uptime of the Java virtual machine,seconds,VALUE,236803.064,,,False
process.uptime,The uptime of the Java virtual machine,seconds,VALUE,237703.022,,,False
process.uptime,The uptime of the Java virtual machine,seconds,VALUE,238603.046,,,False
process.uptime,The uptime of the Java virtual machine,seconds,VALUE,239503.022,,,False
process.uptime,The uptime of the Java virtual machine,seconds,VALUE,240403.025,,,False
process.uptime,The uptime of the Java virtual machine,seconds,VALUE,241302.996,,,False
process.uptime,The uptime of the Java virtual machine,seconds,VALUE,242203.026,,,False
process.uptime,The uptime of the Java virtual machine,seconds,VALUE,243103.085,,,False
process.uptime,The uptime of the Java virtual machine,seconds,VALUE,244003.024,,,False
process.uptime,The uptime of the Java virtual machine,seconds,VALUE,244903.083,,,False
process.uptime,The uptime of the Java virtual machine,seconds,VALUE,245803.061,,,False
process.uptime,The uptime of the Java virtual machine,seconds,VALUE,246703.105,,,False
process.uptime,The uptime of the Java virtual machine,seconds,VALUE,247602.997,,,False
process.uptime,The uptime of the Java virtual machine,seconds,VALUE,248503.028,,,False
process.uptime,The uptime of the Java virtual machine,seconds,VALUE,249403.064,,,False
process.uptime,The uptime of the Java virtual machine,seconds,VALUE,250303.032,,,False
process.uptime,The uptime of the Java virtual machine,seconds,VALUE,251203.033,,,False
process.uptime,The uptime of the Java virtual machine,seconds,VALUE,252103.064,,,False
process.uptime,The uptime of the Java virtual machine,seconds,VALUE,253003.002,,,False
process.uptime,The uptime of the Java virtual machine,seconds,VALUE,253903.004,,,False
process.uptime,The uptime of the Java virtual machine,seconds,VALUE,254825.759,,,False
process.uptime,The uptime of the Java virtual machine,seconds,VALUE,255725.126,,,False
process.uptime,The uptime of the Java virtual machine,seconds,VALUE,256628.083,,,False
process.uptime,The uptime of the Java virtual machine,seconds,VALUE,257531.662,,,False
process.uptime,The uptime of the Java virtual machine,seconds,VALUE,258425.042,,,False
process.uptime,The uptime of the Java virtual machine,seconds,VALUE,259326.437,,,False
process.uptime,The uptime of the Java virtual machine,seconds,VALUE,260229.897,,,False
process.uptime,The uptime of the Java virtual machine,seconds,VALUE,261124.975,,,False
process.uptime,The uptime of the Java virtual machine,seconds,VALUE,262030.19,,,False
process.uptime,The uptime of the Java virtual machine,seconds,VALUE,262925.208,,,False
process.uptime,The uptime of the Java virtual machine,seconds,VALUE,263826.884,,,False
process.uptime,The uptime of the Java virtual machine,seconds,VALUE,264730.551,,,False
process.uptime,The uptime of the Java virtual machine,seconds,VALUE,265623.767,,,False
process.uptime,The uptime of the Java virtual machine,seconds,VALUE,266529.696,,,False
process.uptime,The uptime of the Java virtual machine,seconds,VALUE,267429.433,,,False
process.uptime,The uptime of the Java virtual machine,seconds,VALUE,268324.155,,,False
process.uptime,The uptime of the Java virtual machine,seconds,VALUE,269223.759,,,False
process.uptime,The uptime of the Java virtual machine,seconds,VALUE,270129.504,,,False
process.uptime,The uptime of the Java virtual machine,seconds,VALUE,271030.034,,,False
process.uptime,The uptime of the Java virtual machine,seconds,VALUE,271923.649,,,False
process.uptime,The uptime of the Java virtual machine,seconds,VALUE,272461.795,,,False
process.uptime,The uptime of the Java virtual machine,seconds,VALUE,272826.576,,,False
process.uptime,The uptime of the Java virtual machine,seconds,VALUE,273729.535,,,False
process.uptime,The uptime of the Java virtual machine,seconds,VALUE,274631.248,,,False
process.uptime,The uptime of the Java virtual machine,seconds,VALUE,275524.479,,,False
process.uptime,The uptime of the Java virtual machine,seconds,VALUE,276425.947,,,False
process.uptime,The uptime of the Java virtual machine,seconds,VALUE,277330.283,,,False
process.uptime,The uptime of the Java virtual machine,seconds,VALUE,278231.047,,,False
process.uptime,The uptime of the Java virtual machine,seconds,VALUE,279103.082,,,False
process.uptime,The uptime of the Java virtual machine,seconds,VALUE,280003.025,,,False
process.uptime,The uptime of the Java virtual machine,seconds,VALUE,281212.316,,,False
process.uptime,The uptime of the Java virtual machine,seconds,VALUE,281803.031,,,False
process.uptime,The uptime of the Java virtual machine,seconds,VALUE,282703.01,,,False
process.uptime,The uptime of the Java virtual machine,seconds,VALUE,283784.278,,,False
process.uptime,The uptime of the Java virtual machine,seconds,VALUE,285020.805,,,False
process.uptime,The uptime of the Java virtual machine,seconds,VALUE,286214.742,,,False
process.uptime,The uptime of the Java virtual machine,seconds,VALUE,287289.332,,,False
process.uptime,The uptime of the Java virtual machine,seconds,VALUE,288522.611,,,False
process.uptime,The uptime of the Java virtual machine,seconds,VALUE,289934.095,,,False
process.uptime,The uptime of the Java virtual machine,seconds,VALUE,1562.454,,,False
process.uptime,The uptime of the Java virtual machine,seconds,VALUE,2544.456,,,False
process.uptime,The uptime of the Java virtual machine,seconds,VALUE,3470.655,,,False
process.uptime,The uptime of the Java virtual machine,seconds,VALUE,4467.661,,,False
process.uptime,The uptime of the Java virtual machine,seconds,VALUE,5391.642,,,False
process.uptime,The uptime of the Java virtual machine,seconds,VALUE,6272.793,,,False
process.uptime,The uptime of the Java virtual machine,seconds,VALUE,7206.542,,,False
process.uptime,The uptime of the Java virtual machine,seconds,VALUE,8188.061,,,False
process.uptime,The uptime of the Java virtual machine,seconds,VALUE,9249.138,,,False
process.uptime,The uptime of the Java virtual machine,seconds,VALUE,10250.844,,,False
process.uptime,The uptime of the Java virtual machine,seconds,VALUE,11311.544,,,False
process.uptime,The uptime of the Java virtual machine,seconds,VALUE,12422.983,,,False
process.uptime,The uptime of the Java virtual machine,seconds,VALUE,13535.811,,,False
process.uptime,The uptime of the Java virtual machine,seconds,VALUE,15147.084,,,False
process.uptime,The uptime of the Java virtual machine,seconds,VALUE,15148.109,,,False
process.uptime,The uptime of the Java virtual machine,seconds,VALUE,15330.162,,,False
process.uptime,The uptime of the Java virtual machine,seconds,VALUE,16230.195,,,False
process.uptime,The uptime of the Java virtual machine,seconds,VALUE,17130.168,,,False
process.uptime,The uptime of the Java virtual machine,seconds,VALUE,18030.163,,,False
process.uptime,The uptime of the Java virtual machine,seconds,VALUE,18930.157,,,False
process.uptime,The uptime of the Java virtual machine,seconds,VALUE,19830.172,,,False
process.uptime,The uptime of the Java virtual machine,seconds,VALUE,20730.14,,,False
process.uptime,The uptime of the Java virtual machine,seconds,VALUE,21630.296,,,False
process.uptime,The uptime of the Java virtual machine,seconds,VALUE,22530.163,,,False
process.uptime,The uptime of the Java virtual machine,seconds,VALUE,23430.172,,,False
process.uptime,The uptime of the Java virtual machine,seconds,VALUE,24330.187,,,False
process.uptime,The uptime of the Java virtual machine,seconds,VALUE,25230.218,,,False
process.uptime,The uptime of the Java virtual machine,seconds,VALUE,26130.187,,,False
process.uptime,The uptime of the Java virtual machine,seconds,VALUE,27030.128,,,False
process.uptime,The uptime of the Java virtual machine,seconds,VALUE,27930.193,,,False
process.uptime,The uptime of the Java virtual machine,seconds,VALUE,28830.125,,,False
process.uptime,The uptime of the Java virtual machine,seconds,VALUE,29730.128,,,False
process.uptime,The uptime of the Java virtual machine,seconds,VALUE,30630.185,,,False
process.uptime,The uptime of the Java virtual machine,seconds,VALUE,31530.124,,,False
process.uptime,The uptime of the Java virtual machine,seconds,VALUE,53631.469,,,False
process.uptime,The uptime of the Java virtual machine,seconds,VALUE,103560.026,,,False
process.uptime,The uptime of the Java virtual machine,seconds,VALUE,104430.166,,,False
process.uptime,The uptime of the Java virtual machine,seconds,VALUE,105330.15,,,False
process.uptime,The uptime of the Java virtual machine,seconds,VALUE,106230.111,,,False
process.uptime,The uptime of the Java virtual machine,seconds,VALUE,107130.108,,,False
process.uptime,The uptime of the Java virtual machine,seconds,VALUE,108030.158,,,False
process.uptime,The uptime of the Java virtual machine,seconds,VALUE,108930.113,,,False
process.uptime,The uptime of the Java virtual machine,seconds,VALUE,109830.139,,,False
process.uptime,The uptime of the Java virtual machine,seconds,VALUE,110730.098,,,False
process.uptime,The uptime of the Java virtual machine,seconds,VALUE,111630.286,,,False
process.uptime,The uptime of the Java virtual machine,seconds,VALUE,112530.153,,,False
process.uptime,The uptime of the Java virtual machine,seconds,VALUE,113430.193,,,False
process.uptime,The uptime of the Java virtual machine,seconds,VALUE,114330.311,,,False
process.uptime,The uptime of the Java virtual machine,seconds,VALUE,115230.301,,,False
process.uptime,The uptime of the Java virtual machine,seconds,VALUE,116130.075,,,False
process.uptime,The uptime of the Java virtual machine,seconds,VALUE,117030.21,,,False
process.uptime,The uptime of the Java virtual machine,seconds,VALUE,117930.148,,,False
process.uptime,The uptime of the Java virtual machine,seconds,VALUE,120956.561,,,False
process.uptime,The uptime of the Java virtual machine,seconds,VALUE,122068.252,,,False
process.uptime,The uptime of the Java virtual machine,seconds,VALUE,123216.051,,,False
process.uptime,The uptime of the Java virtual machine,seconds,VALUE,124273.208,,,False
process.uptime,The uptime of the Java virtual machine,seconds,VALUE,125306.675,,,False
process.uptime,The uptime of the Java virtual machine,seconds,VALUE,126474.712,,,False
process.uptime,The uptime of the Java virtual machine,seconds,VALUE,127817.226,,,False
process.uptime,The uptime of the Java virtual machine,seconds,VALUE,129214.468,,,False
process.uptime,The uptime of the Java virtual machine,seconds,VALUE,162075.89,,,False
process.uptime,The uptime of the Java virtual machine,seconds,VALUE,162396.587,,,False
process.uptime,The uptime of the Java virtual machine,seconds,VALUE,163288.895,,,False
process.uptime,The uptime of the Java virtual machine,seconds,VALUE,164144.456,,,False
process.uptime,The uptime of the Java virtual machine,seconds,VALUE,165044.364,,,False
process.uptime,The uptime of the Java virtual machine,seconds,VALUE,165944.437,,,False
process.uptime,The uptime of the Java virtual machine,seconds,VALUE,166844.283,,,False
process.uptime,The uptime of the Java virtual machine,seconds,VALUE,167744.301,,,False
process.uptime,The uptime of the Java virtual machine,seconds,VALUE,168644.26,,,False
process.uptime,The uptime of the Java virtual machine,seconds,VALUE,169544.287,,,False
process.uptime,The uptime of the Java virtual machine,seconds,VALUE,170444.292,,,False
process.uptime,The uptime of the Java virtual machine,seconds,VALUE,171344.378,,,False
process.uptime,The uptime of the Java virtual machine,seconds,VALUE,172244.278,,,False
process.uptime,The uptime of the Java virtual machine,seconds,VALUE,173144.32,,,False
process.uptime,The uptime of the Java virtual machine,seconds,VALUE,174044.243,,,False
process.uptime,The uptime of the Java virtual machine,seconds,VALUE,174944.237,,,False
process.uptime,The uptime of the Java virtual machine,seconds,VALUE,175844.22,,,False
process.uptime,The uptime of the Java virtual machine,seconds,VALUE,176744.231,,,False
process.uptime,The uptime of the Java virtual machine,seconds,VALUE,177644.234,,,False
process.uptime,The uptime of the Java virtual machine,seconds,VALUE,178544.283,,,False
process.uptime,The uptime of the Java virtual machine,seconds,VALUE,179444.26,,,False
process.uptime,The uptime of the Java virtual machine,seconds,VALUE,180344.225,,,False
process.uptime,The uptime of the Java virtual machine,seconds,VALUE,181244.33,,,False
process.uptime,The uptime of the Java virtual machine,seconds,VALUE,182192.328,,,False
process.uptime,The uptime of the Java virtual machine,seconds,VALUE,183093.962,,,False
process.uptime,The uptime of the Java virtual machine,seconds,VALUE,183994.818,,,False
process.uptime,The uptime of the Java virtual machine,seconds,VALUE,184894.49,,,False
process.uptime,The uptime of the Java virtual machine,seconds,VALUE,185788.876,,,False
process.uptime,The uptime of the Java virtual machine,seconds,VALUE,186686.355,,,False
process.uptime,The uptime of the Java virtual machine,seconds,VALUE,187544.148,,,False
process.uptime,The uptime of the Java virtual machine,seconds,VALUE,188468.602,,,False
process.uptime,The uptime of the Java virtual machine,seconds,VALUE,189366.101,,,False
process.uptime,The uptime of the Java virtual machine,seconds,VALUE,190266.167,,,False
process.uptime,The uptime of the Java virtual machine,seconds,VALUE,191165.956,,,False
process.uptime,The uptime of the Java virtual machine,seconds,VALUE,192073.442,,,False
process.uptime,The uptime of the Java virtual machine,seconds,VALUE,192967.617,,,False
process.uptime,The uptime of the Java virtual machine,seconds,VALUE,193871.548,,,False
process.uptime,The uptime of the Java virtual machine,seconds,VALUE,194767.942,,,False
process.uptime,The uptime of the Java virtual machine,seconds,VALUE,195674.466,,,False
process.uptime,The uptime of the Java virtual machine,seconds,VALUE,196566.832,,,False
process.uptime,The uptime of the Java virtual machine,seconds,VALUE,197467.077,,,False
process.uptime,The uptime of the Java virtual machine,seconds,VALUE,198373.643,,,False
process.uptime,The uptime of the Java virtual machine,seconds,VALUE,199270.169,,,False
process.uptime,The uptime of the Java virtual machine,seconds,VALUE,200172.971,,,False
process.uptime,The uptime of the Java virtual machine,seconds,VALUE,201067.355,,,False
process.uptime,The uptime of the Java virtual machine,seconds,VALUE,201971.543,,,False
process.uptime,The uptime of the Java virtual machine,seconds,VALUE,202873.019,,,False
process.uptime,The uptime of the Java virtual machine,seconds,VALUE,203765.498,,,False
process.uptime,The uptime of the Java virtual machine,seconds,VALUE,204665.458,,,False
process.uptime,The uptime of the Java virtual machine,seconds,VALUE,205568.662,,,False
process.uptime,The uptime of the Java virtual machine,seconds,VALUE,206472.783,,,False
process.uptime,The uptime of the Java virtual machine,seconds,VALUE,207367.832,,,False
process.uptime,The uptime of the Java virtual machine,seconds,VALUE,208266.958,,,False
process.uptime,The uptime of the Java virtual machine,seconds,VALUE,209172.901,,,False
process.uptime,The uptime of the Java virtual machine,seconds,VALUE,210069.72,,,False
process.uptime,The uptime of the Java virtual machine,seconds,VALUE,210967.26,,,False
process.uptime,The uptime of the Java virtual machine,seconds,VALUE,211869.258,,,False
process.uptime,The uptime of the Java virtual machine,seconds,VALUE,212768.642,,,False
process.uptime,The uptime of the Java virtual machine,seconds,VALUE,213671.625,,,False
process.uptime,The uptime of the Java virtual machine,seconds,VALUE,214567.041,,,False
process.uptime,The uptime of the Java virtual machine,seconds,VALUE,215468.947,,,False
process.uptime,The uptime of the Java virtual machine,seconds,VALUE,216374.877,,,False
process.uptime,The uptime of the Java virtual machine,seconds,VALUE,217270.635,,,False
process.uptime,The uptime of the Java virtual machine,seconds,VALUE,218169.237,,,False
process.uptime,The uptime of the Java virtual machine,seconds,VALUE,219072.449,,,False
process.uptime,The uptime of the Java virtual machine,seconds,VALUE,219970.076,,,False
process.uptime,The uptime of the Java virtual machine,seconds,VALUE,220866.473,,,False
process.uptime,The uptime of the Java virtual machine,seconds,VALUE,221773.461,,,False
process.uptime,The uptime of the Java virtual machine,seconds,VALUE,222672.266,,,False
process.uptime,The uptime of the Java virtual machine,seconds,VALUE,223569.147,,,False
process.uptime,The uptime of the Java virtual machine,seconds,VALUE,224471.147,,,False
process.uptime,The uptime of the Java virtual machine,seconds,VALUE,225373.161,,,False
process.uptime,The uptime of the Java virtual machine,seconds,VALUE,226273.833,,,False
process.uptime,The uptime of the Java virtual machine,seconds,VALUE,227167.535,,,False
process.uptime,The uptime of the Java virtual machine,seconds,VALUE,228071.042,,,False
process.uptime,The uptime of the Java virtual machine,seconds,VALUE,228973.645,,,False
process.uptime,The uptime of the Java virtual machine,seconds,VALUE,229872.844,,,False
process.uptime,The uptime of the Java virtual machine,seconds,VALUE,230770.633,,,False
process.uptime,The uptime of the Java virtual machine,seconds,VALUE,231670.754,,,False
process.uptime,The uptime of the Java virtual machine,seconds,VALUE,232573.608,,,False
process.uptime,The uptime of the Java virtual machine,seconds,VALUE,233473.164,,,False
process.uptime,The uptime of the Java virtual machine,seconds,VALUE,234366.691,,,False
process.uptime,The uptime of the Java virtual machine,seconds,VALUE,235271.91,,,False
process.uptime,The uptime of the Java virtual machine,seconds,VALUE,236173.599,,,False
process.uptime,The uptime of the Java virtual machine,seconds,VALUE,237072.994,,,False
process.uptime,The uptime of the Java virtual machine,seconds,VALUE,237970.93,,,False
process.uptime,The uptime of the Java virtual machine,seconds,VALUE,238869.142,,,False
process.uptime,The uptime of the Java virtual machine,seconds,VALUE,239769.945,,,False
process.uptime,The uptime of the Java virtual machine,seconds,VALUE,240666.442,,,False
process.uptime,The uptime of the Java virtual machine,seconds,VALUE,241566.758,,,False
process.uptime,The uptime of the Java virtual machine,seconds,VALUE,242471.555,,,False
process.uptime,The uptime of the Java virtual machine,seconds,VALUE,243365.835,,,False
process.uptime,The uptime of the Java virtual machine,seconds,VALUE,244267.618,,,False
process.uptime,The uptime of the Java virtual machine,seconds,VALUE,245172.889,,,False
process.uptime,The uptime of the Java virtual machine,seconds,VALUE,246069.24,,,False
process.uptime,The uptime of the Java virtual machine,seconds,VALUE,246971.713,,,False
process.uptime,The uptime of the Java virtual machine,seconds,VALUE,247872.891,,,False
process.uptime,The uptime of the Java virtual machine,seconds,VALUE,248768.499,,,False
process.uptime,The uptime of the Java virtual machine,seconds,VALUE,249670.204,,,False
process.uptime,The uptime of the Java virtual machine,seconds,VALUE,250571.363,,,False
process.uptime,The uptime of the Java virtual machine,seconds,VALUE,251472.867,,,False
process.uptime,The uptime of the Java virtual machine,seconds,VALUE,252372.163,,,False
process.uptime,The uptime of the Java virtual machine,seconds,VALUE,253269.794,,,False
process.uptime,The uptime of the Java virtual machine,seconds,VALUE,254169.708,,,False
process.uptime,The uptime of the Java virtual machine,seconds,VALUE,255070.288,,,False
process.uptime,The uptime of the Java virtual machine,seconds,VALUE,255968.153,,,False
process.uptime,The uptime of the Java virtual machine,seconds,VALUE,256870.286,,,False
process.uptime,The uptime of the Java virtual machine,seconds,VALUE,257766.545,,,False
process.uptime,The uptime of the Java virtual machine,seconds,VALUE,258667.562,,,False
process.uptime,The uptime of the Java virtual machine,seconds,VALUE,259567.833,,,False
process.uptime,The uptime of the Java virtual machine,seconds,VALUE,260470.197,,,False
process.uptime,The uptime of the Java virtual machine,seconds,VALUE,261367.379,,,False
process.uptime,The uptime of the Java virtual machine,seconds,VALUE,262272.776,,,False
process.uptime,The uptime of the Java virtual machine,seconds,VALUE,263173.061,,,False
process.uptime,The uptime of the Java virtual machine,seconds,VALUE,264069.962,,,False
process.uptime,The uptime of the Java virtual machine,seconds,VALUE,264968.347,,,False
process.uptime,The uptime of the Java virtual machine,seconds,VALUE,265870.965,,,False
process.uptime,The uptime of the Java virtual machine,seconds,VALUE,266769.502,,,False
process.uptime,The uptime of the Java virtual machine,seconds,VALUE,267670.442,,,False
process.uptime,The uptime of the Java virtual machine,seconds,VALUE,268566.687,,,False
process.uptime,The uptime of the Java virtual machine,seconds,VALUE,269468.688,,,False
process.uptime,The uptime of the Java virtual machine,seconds,VALUE,270374.729,,,False
process.uptime,The uptime of the Java virtual machine,seconds,VALUE,271266.982,,,False
process.uptime,The uptime of the Java virtual machine,seconds,VALUE,272167.688,,,False
process.uptime,The uptime of the Java virtual machine,seconds,VALUE,273067.143,,,False
process.uptime,The uptime of the Java virtual machine,seconds,VALUE,273966.563,,,False
process.uptime,The uptime of the Java virtual machine,seconds,VALUE,274868.701,,,False
process.uptime,The uptime of the Java virtual machine,seconds,VALUE,275765.803,,,False
process.uptime,The uptime of the Java virtual machine,seconds,VALUE,276665.466,,,False
process.uptime,The uptime of the Java virtual machine,seconds,VALUE,277569.293,,,False
process.uptime,The uptime of the Java virtual machine,seconds,VALUE,278474.485,,,False
process.uptime,The uptime of the Java virtual machine,seconds,VALUE,279370.244,,,False
process.uptime,The uptime of the Java virtual machine,seconds,VALUE,280268.766,,,False
process.uptime,The uptime of the Java virtual machine,seconds,VALUE,281171.175,,,False
process.uptime,The uptime of the Java virtual machine,seconds,VALUE,282074.234,,,False
process.uptime,The uptime of the Java virtual machine,seconds,VALUE,282966.457,,,False
process.uptime,The uptime of the Java virtual machine,seconds,VALUE,283868.661,,,False
process.uptime,The uptime of the Java virtual machine,seconds,VALUE,284770.934,,,False
process.uptime,The uptime of the Java virtual machine,seconds,VALUE,285670.617,,,False
process.uptime,The uptime of the Java virtual machine,seconds,VALUE,286566.729,,,False
process.uptime,The uptime of the Java virtual machine,seconds,VALUE,287468.657,,,False
process.uptime,The uptime of the Java virtual machine,seconds,VALUE,288364.372,,,False
process.uptime,The uptime of the Java virtual machine,seconds,VALUE,289270.698,,,False
process.uptime,The uptime of the Java virtual machine,seconds,VALUE,290165.85,,,False
process.uptime,The uptime of the Java virtual machine,seconds,VALUE,291065.872,,,False
process.uptime,The uptime of the Java virtual machine,seconds,VALUE,291969.828,,,False
process.uptime,The uptime of the Java virtual machine,seconds,VALUE,292868.479,,,False
process.uptime,The uptime of the Java virtual machine,seconds,VALUE,293773.334,,,False
process.uptime,The uptime of the Java virtual machine,seconds,VALUE,294668.857,,,False
process.uptime,The uptime of the Java virtual machine,seconds,VALUE,3039.661,,,False
process.uptime,The uptime of the Java virtual machine,seconds,VALUE,3936.878,,,False
process.uptime,The uptime of the Java virtual machine,seconds,VALUE,4836.935,,,False
process.uptime,The uptime of the Java virtual machine,seconds,VALUE,5736.953,,,False
process.uptime,The uptime of the Java virtual machine,seconds,VALUE,6635.761,,,False
process.uptime,The uptime of the Java virtual machine,seconds,VALUE,7536.828,,,False
process.uptime,The uptime of the Java virtual machine,seconds,VALUE,59626.866,,,False
process.uptime,The uptime of the Java virtual machine,seconds,VALUE,59694.986,,,False
process.uptime,The uptime of the Java virtual machine,seconds,VALUE,59938.631,,,False
process.uptime,The uptime of the Java virtual machine,seconds,VALUE,60935.956,,,False
process.uptime,The uptime of the Java virtual machine,seconds,VALUE,61235.412,,,False
process.uptime,The uptime of the Java virtual machine,seconds,VALUE,61535.316,,,False
process.uptime,The uptime of the Java virtual machine,seconds,VALUE,61835.345,,,False
process.uptime,The uptime of the Java virtual machine,seconds,VALUE,62135.295,,,False
process.uptime,The uptime of the Java virtual machine,seconds,VALUE,62435.279,,,False
process.uptime,The uptime of the Java virtual machine,seconds,VALUE,62735.215,,,False
process.uptime,The uptime of the Java virtual machine,seconds,VALUE,63035.237,,,False
process.uptime,The uptime of the Java virtual machine,seconds,VALUE,63335.202,,,False
process.uptime,The uptime of the Java virtual machine,seconds,VALUE,63635.226,,,False
process.uptime,The uptime of the Java virtual machine,seconds,VALUE,63935.202,,,False
process.uptime,The uptime of the Java virtual machine,seconds,VALUE,64235.191,,,False
process.uptime,The uptime of the Java virtual machine,seconds,VALUE,64535.206,,,False
process.uptime,The uptime of the Java virtual machine,seconds,VALUE,64835.244,,,False
process.uptime,The uptime of the Java virtual machine,seconds,VALUE,65135.177,,,False
process.uptime,The uptime of the Java virtual machine,seconds,VALUE,65435.176,,,False
process.uptime,The uptime of the Java virtual machine,seconds,VALUE,65735.179,,,False
process.uptime,The uptime of the Java virtual machine,seconds,VALUE,66035.185,,,False
process.uptime,The uptime of the Java virtual machine,seconds,VALUE,66335.171,,,False
process.uptime,The uptime of the Java virtual machine,seconds,VALUE,66635.166,,,False
process.uptime,The uptime of the Java virtual machine,seconds,VALUE,66935.161,,,False
process.uptime,The uptime of the Java virtual machine,seconds,VALUE,67235.149,,,False
process.uptime,The uptime of the Java virtual machine,seconds,VALUE,67535.245,,,False
process.uptime,The uptime of the Java virtual machine,seconds,VALUE,67835.151,,,False
process.uptime,The uptime of the Java virtual machine,seconds,VALUE,68135.166,,,False
process.uptime,The uptime of the Java virtual machine,seconds,VALUE,68435.15,,,False
process.uptime,The uptime of the Java virtual machine,seconds,VALUE,68735.168,,,False
process.uptime,The uptime of the Java virtual machine,seconds,VALUE,69035.145,,,False
process.uptime,The uptime of the Java virtual machine,seconds,VALUE,69335.145,,,False
process.uptime,The uptime of the Java virtual machine,seconds,VALUE,69635.168,,,False
process.uptime,The uptime of the Java virtual machine,seconds,VALUE,69935.134,,,False
process.uptime,The uptime of the Java virtual machine,seconds,VALUE,70235.191,,,False
process.uptime,The uptime of the Java virtual machine,seconds,VALUE,70535.139,,,False
process.uptime,The uptime of the Java virtual machine,seconds,VALUE,70835.225,,,False
process.uptime,The uptime of the Java virtual machine,seconds,VALUE,71135.133,,,False
process.uptime,The uptime of the Java virtual machine,seconds,VALUE,71435.122,,,False
process.uptime,The uptime of the Java virtual machine,seconds,VALUE,71735.203,,,False
process.uptime,The uptime of the Java virtual machine,seconds,VALUE,72035.117,,,False
process.uptime,The uptime of the Java virtual machine,seconds,VALUE,72335.153,,,False
process.uptime,The uptime of the Java virtual machine,seconds,VALUE,72635.116,,,False
process.uptime,The uptime of the Java virtual machine,seconds,VALUE,72935.151,,,False
process.uptime,The uptime of the Java virtual machine,seconds,VALUE,73235.167,,,False
process.uptime,The uptime of the Java virtual machine,seconds,VALUE,73535.135,,,False
process.uptime,The uptime of the Java virtual machine,seconds,VALUE,73835.105,,,False
process.uptime,The uptime of the Java virtual machine,seconds,VALUE,74135.12,,,False
process.uptime,The uptime of the Java virtual machine,seconds,VALUE,74435.321,,,False
process.uptime,The uptime of the Java virtual machine,seconds,VALUE,74735.081,,,False
process.uptime,The uptime of the Java virtual machine,seconds,VALUE,75035.321,,,False
process.uptime,The uptime of the Java virtual machine,seconds,VALUE,75335.188,,,False
process.uptime,The uptime of the Java virtual machine,seconds,VALUE,75635.189,,,False
process.uptime,The uptime of the Java virtual machine,seconds,VALUE,75948.573,,,False
process.uptime,The uptime of the Java virtual machine,seconds,VALUE,76249.866,,,False
process.uptime,The uptime of the Java virtual machine,seconds,VALUE,76546.131,,,False
process.uptime,The uptime of the Java virtual machine,seconds,VALUE,76845.144,,,False
process.uptime,The uptime of the Java virtual machine,seconds,VALUE,77147.442,,,False
process.uptime,The uptime of the Java virtual machine,seconds,VALUE,77452.253,,,False
process.uptime,The uptime of the Java virtual machine,seconds,VALUE,77751.704,,,False
process.uptime,The uptime of the Java virtual machine,seconds,VALUE,78051.756,,,False
process.uptime,The uptime of the Java virtual machine,seconds,VALUE,78348.019,,,False
process.uptime,The uptime of the Java virtual machine,seconds,VALUE,78645.873,,,False
process.uptime,The uptime of the Java virtual machine,seconds,VALUE,78944.622,,,False
process.uptime,The uptime of the Java virtual machine,seconds,VALUE,79249.273,,,False
process.uptime,The uptime of the Java virtual machine,seconds,VALUE,79545.353,,,False
process.uptime,The uptime of the Java virtual machine,seconds,VALUE,79845.572,,,False
process.uptime,The uptime of the Java virtual machine,seconds,VALUE,80145.514,,,False
process.uptime,The uptime of the Java virtual machine,seconds,VALUE,80449.737,,,False
process.uptime,The uptime of the Java virtual machine,seconds,VALUE,80748.818,,,False
process.uptime,The uptime of the Java virtual machine,seconds,VALUE,81046.033,,,False
process.uptime,The uptime of the Java virtual machine,seconds,VALUE,81348.925,,,False
process.uptime,The uptime of the Java virtual machine,seconds,VALUE,81647.602,,,False
process.uptime,The uptime of the Java virtual machine,seconds,VALUE,81946.58,,,False
process.uptime,The uptime of the Java virtual machine,seconds,VALUE,82249.608,,,False
process.uptime,The uptime of the Java virtual machine,seconds,VALUE,82544.306,,,False
process.uptime,The uptime of the Java virtual machine,seconds,VALUE,82848.412,,,False
process.uptime,The uptime of the Java virtual machine,seconds,VALUE,83147.566,,,False
process.uptime,The uptime of the Java virtual machine,seconds,VALUE,83444.59,,,False
process.uptime,The uptime of the Java virtual machine,seconds,VALUE,83747.557,,,False
process.uptime,The uptime of the Java virtual machine,seconds,VALUE,84048.115,,,False
process.uptime,The uptime of the Java virtual machine,seconds,VALUE,84347.752,,,False
process.uptime,The uptime of the Java virtual machine,seconds,VALUE,84645.869,,,False
process.uptime,The uptime of the Java virtual machine,seconds,VALUE,84946.728,,,False
process.uptime,The uptime of the Java virtual machine,seconds,VALUE,85250.029,,,False
process.uptime,The uptime of the Java virtual machine,seconds,VALUE,85550.155,,,False
process.uptime,The uptime of the Java virtual machine,seconds,VALUE,85848.471,,,False
process.uptime,The uptime of the Java virtual machine,seconds,VALUE,86145.665,,,False
process.uptime,The uptime of the Java virtual machine,seconds,VALUE,86446.533,,,False
process.uptime,The uptime of the Java virtual machine,seconds,VALUE,86744.49,,,False
process.uptime,The uptime of the Java virtual machine,seconds,VALUE,87049.621,,,False
process.uptime,The uptime of the Java virtual machine,seconds,VALUE,87345.215,,,False
process.uptime,The uptime of the Java virtual machine,seconds,VALUE,87647.002,,,False
process.uptime,The uptime of the Java virtual machine,seconds,VALUE,87947.079,,,False
process.uptime,The uptime of the Java virtual machine,seconds,VALUE,88245.022,,,False
process.uptime,The uptime of the Java virtual machine,seconds,VALUE,88549.762,,,False
process.uptime,The uptime of the Java virtual machine,seconds,VALUE,88848.928,,,False
process.uptime,The uptime of the Java virtual machine,seconds,VALUE,89147.923,,,False
process.uptime,The uptime of the Java virtual machine,seconds,VALUE,89449.295,,,False
process.uptime,The uptime of the Java virtual machine,seconds,VALUE,89745.477,,,False
process.uptime,The uptime of the Java virtual machine,seconds,VALUE,90045.003,,,False
process.uptime,The uptime of the Java virtual machine,seconds,VALUE,90348.29,,,False
process.uptime,The uptime of the Java virtual machine,seconds,VALUE,90645.947,,,False
process.uptime,The uptime of the Java virtual machine,seconds,VALUE,90945.854,,,False
process.uptime,The uptime of the Java virtual machine,seconds,VALUE,91244.232,,,False
process.uptime,The uptime of the Java virtual machine,seconds,VALUE,91548.083,,,False
process.uptime,The uptime of the Java virtual machine,seconds,VALUE,91851.374,,,False
process.uptime,The uptime of the Java virtual machine,seconds,VALUE,92148.368,,,False
process.uptime,The uptime of the Java virtual machine,seconds,VALUE,92446.183,,,False
process.uptime,The uptime of the Java virtual machine,seconds,VALUE,92746.785,,,False
process.uptime,The uptime of the Java virtual machine,seconds,VALUE,93047.364,,,False
process.uptime,The uptime of the Java virtual machine,seconds,VALUE,93344.733,,,False
process.uptime,The uptime of the Java virtual machine,seconds,VALUE,93648.333,,,False
process.uptime,The uptime of the Java virtual machine,seconds,VALUE,93946.608,,,False
process.uptime,The uptime of the Java virtual machine,seconds,VALUE,94244.687,,,False
process.uptime,The uptime of the Java virtual machine,seconds,VALUE,94546.293,,,False
process.uptime,The uptime of the Java virtual machine,seconds,VALUE,94848.466,,,False
process.uptime,The uptime of the Java virtual machine,seconds,VALUE,95148.957,,,False
process.uptime,The uptime of the Java virtual machine,seconds,VALUE,95445.85,,,False
process.uptime,The uptime of the Java virtual machine,seconds,VALUE,95744.583,,,False
process.uptime,The uptime of the Java virtual machine,seconds,VALUE,96047.901,,,False
process.uptime,The uptime of the Java virtual machine,seconds,VALUE,96347.638,,,False
process.uptime,The uptime of the Java virtual machine,seconds,VALUE,96649.676,,,False
process.uptime,The uptime of the Java virtual machine,seconds,VALUE,96944.482,,,False
process.uptime,The uptime of the Java virtual machine,seconds,VALUE,97245.844,,,False
process.uptime,The uptime of the Java virtual machine,seconds,VALUE,97546.837,,,False
process.uptime,The uptime of the Java virtual machine,seconds,VALUE,97848.907,,,False
process.uptime,The uptime of the Java virtual machine,seconds,VALUE,98146.656,,,False
process.uptime,The uptime of the Java virtual machine,seconds,VALUE,98446.307,,,False
